id,stock_id,ReportNo,shape,carats,col,clar,cut,pol,symm,flo,floCol,lwratio,length,width,height,depth,table,culet,lab,girdle,eyeclean,brown,green,milky,discount,price,price_per_carat,video,video_frames,image,pdf,mine_of_origin,canada_mark_eligble,supplier_name,location,is_returnable,supplier_id,created_at,updated_at,deleted_at
1,DM1-20B,1333587227,PEAR,0.32,E,I1,-,EX,VG,NON,,,6.22,3.94,2.22,56.4,63,None,GIA,STK to THK,100%,Not brown,Not green,,-36.00%,184.32,576.00,,,,https://nivoda-images.s3.eu-west-2.amazonaws.com/pdf/1333587227.pdf,,,African star (hk) ltd,HK,Y,f6e0efcb-9b29-42a6-9721-b7322986b542,,,
2,DL-2G,1333303589,PEAR,0.35,D,VVS1,-,VG,VG,NON,,,6.32,3.91,2.43,62.1,63,None,GIA,STK to VTK,100%,Not brown,Not green,,-42.00%,466.90,1334.00,,,https://nivoda-images.s3.eu-west-2.amazonaws.com/f6d88cbf-3ccd-41eb-b00e-9030fca3ac37.jpg,https://nivoda-images.s3.eu-west-2.amazonaws.com/pdf/1333303589.pdf,,,African star (hk) ltd,HK,Y,f6e0efcb-9b29-42a6-9721-b7322986b542,,,
3,DA-17B,1315574041,PEAR,0.40,G,VVS1,-,EX,VG,FNT,,,6.49,4.05,2.56,63.3,55,None,GIA,STK to VTK,100%,Not brown,Not green,,-45.00%,506.00,1265.00,,,https://nivoda-images.s3.eu-west-2.amazonaws.com/a132cda0-98cb-4df5-adb7-c4fc7bf7c2fa.jpg,https://nivoda-images.s3.eu-west-2.amazonaws.com/pdf/1315574041.pdf,,,African star (hk) ltd,HK,Y,f6e0efcb-9b29-42a6-9721-b7322986b542,,,
4,DP-2,1333848151,ROUND,2.00,E,SI1,EX,EX,EX,NON,,,8.03,8.08,5.01,62.2,58,None,GIA,MED to STK,100%,Not brown,Not green,,-37.00%,17010.00,8505.00,,,,https://nivoda-images.s3.eu-west-2.amazonaws.com/pdf/1333848151.pdf,,,African star (hk) ltd,HK,Y,f6e0efcb-9b29-42a6-9721-b7322986b542,,,
5,CH1-24J,2297400542,ROUND,0.35,F,I1,EX,EX,EX,MED,White,,4.57,4.59,2.78,60.7,60,None,GIA,MED to STK,100%,Not brown,Not green,,-43.00%,259.35,741.00,,,,https://nivoda-images.s3.eu-west-2.amazonaws.com/pdf/2297400542.pdf,,,African star (hk) ltd,HK,Y,f6e0efcb-9b29-42a6-9721-b7322986b542,,,
6,DM1-20,2334471286,ROUND,3.01,F,I1,EX,EX,EX,NON,,,9.25,9.28,5.76,62.2,58,None,GIA,MED,100%,Not brown,Not green,,-7.00%,20434.89,6789.00,,,,https://nivoda-images.s3.eu-west-2.amazonaws.com/pdf/2334471286.pdf,,,African star (hk) ltd,HK,Y,f6e0efcb-9b29-42a6-9721-b7322986b542,,,
7,DO-1C,2337587229,PEAR,0.32,D,SI2,-,EX,VG,NON,,,6.42,3.91,2.21,56.6,61,None,GIA,MED to VTK,100%,Not brown,Not green,,-36.00%,307.20,960.00,,,https://nivoda-images.s3.eu-west-2.amazonaws.com/f8f73842-b1c3-4975-8476-cefd0b787379.jpg,https://nivoda-images.s3.eu-west-2.amazonaws.com/pdf/2337587229.pdf,,,African star (hk) ltd,HK,Y,f6e0efcb-9b29-42a6-9721-b7322986b542,,,
8,DQ-2,2337816069,ROUND,2.50,J,SI2,EX,EX,EX,NON,,,8.65,8.7,5.38,62.1,58,None,GIA,MED to STK,100%,Not brown,Not green,,-28.00%,12420.00,4968.00,,,,https://nivoda-images.s3.eu-west-2.amazonaws.com/pdf/2337816069.pdf,,,African star (hk) ltd,HK,Y,f6e0efcb-9b29-42a6-9721-b7322986b542,,,
9,DM2-9,2336611053,ROUND,0.50,E,I1,VG,EX,G,NON,,,5.11,5.13,3.06,59.7,61,None,GIA,THN to THK,100%,Not brown,Not green,,-46.00%,540.00,1080.00,,,,https://nivoda-images.s3.eu-west-2.amazonaws.com/pdf/2336611053.pdf,,,African star (hk) ltd,HK,Y,f6e0efcb-9b29-42a6-9721-b7322986b542,,,
10,DM1-10I,3335587220,PEAR,0.33,E,I1,-,VG,G,NON,,,5.9,3.89,2.43,62.3,61,None,GIA,STK to VTK,100%,Not brown,Not green,,-36.00%,190.08,576.00,,,,https://nivoda-images.s3.eu-west-2.amazonaws.com/pdf/3335587220.pdf,,,African star (hk) ltd,HK,Y,f6e0efcb-9b29-42a6-9721-b7322986b542,,,
11,DM1-23J,6331380971,ROUND,1.07,J,SI2,EX,EX,EX,NON,,,6.64,6.66,3.98,59.9,60,None,GIA,MED to STK,100%,Not brown,Not green,,-40.00%,2889.00,2700.00,,,https://nivoda-images.s3.eu-west-2.amazonaws.com/b88e6f13-b397-4dfc-b9e9-61e4c2653b82.jpg,https://nivoda-images.s3.eu-west-2.amazonaws.com/pdf/6331380971.pdf,,,African star (hk) ltd,HK,Y,f6e0efcb-9b29-42a6-9721-b7322986b542,,,
12,DH2-7G,6322899100,PEAR,0.30,D,VVS2,-,VG,VG,NON,,,5.9,3.8,2.36,62.2,61,None,GIA,STK to VTK,100%,Not brown,Not green,,-41.00%,371.70,1239.00,,,https://nivoda-images.s3.eu-west-2.amazonaws.com/acb7141e-336c-4333-8db2-0a910f0446bc.jpg,https://nivoda-images.s3.eu-west-2.amazonaws.com/pdf/6322899100.pdf,,,African star (hk) ltd,HK,Y,f6e0efcb-9b29-42a6-9721-b7322986b542,,,
13,DR5-2B,6341096863,ROUND,0.41,K,VS2,EX,EX,EX,STG,Blue,,4.78,4.8,2.98,62.3,56,None,GIA,THN to MED,100%,Not brown,Not green,,-51.00%,301.35,735.00,,,,https://nivoda-images.s3.eu-west-2.amazonaws.com/pdf/6341096863.pdf,,,African star (hk) ltd,HK,Y,f6e0efcb-9b29-42a6-9721-b7322986b542,,,
14,DM1-12,6335471277,ROUND,2.13,M,IF,EX,EX,EX,NON,,,8.21,8.23,5.12,62.2,57,None,GIA,MED to STK,100%,Not brown,Not green,,-36.00%,8724.48,4096.00,,,,https://nivoda-images.s3.eu-west-2.amazonaws.com/pdf/6335471277.pdf,,,African star (hk) ltd,HK,Y,f6e0efcb-9b29-42a6-9721-b7322986b542,,,
15,DR2-4D,6341018372,ROUND,1.50,D,SI1,EX,EX,EX,MED,Blue,,7.29,7.27,4.56,62.6,58,NON,GIA,MED to STK,100%,Not brown,Not green,,-47.00%,8109.00,5406.00,,,https://nivoda-images.s3.eu-west-2.amazonaws.com/f31fed75-93ff-4e56-b787-fecd20e4cedc.jpg,http://s3.amazonaws.com/rap.certs/Gia/Certificates/2019/11/4/6341018372.pdf,,,African star (hk) ltd,HK,Y,f6e0efcb-9b29-42a6-9721-b7322986b542,,,
16,DR2-4,6342030204,ROUND,2.69,E,VVS2,EX,EX,EX,STG,Blue,,8.92,8.98,5.51,61.6,59,None,GIA,MED to STK,100%,Not brown,Not green,,-48.00%,31473.00,11700.00,,,https://nivoda-images.s3.eu-west-2.amazonaws.com/d024c9d5-b12d-4b23-a5d6-3110c455cd02.jpg,https://nivoda-images.s3.eu-west-2.amazonaws.com/pdf/6342030204.pdf,,,African star (hk) ltd,HK,Y,f6e0efcb-9b29-42a6-9721-b7322986b542,,,
17,CN1-34A,7306247337,PEAR,0.29,L,SI1,-,VG,VG,FNT,,,6.11,3.69,2.21,60,63,None,GIA,THN to VTK,100%,Not brown,Not green,,-36.00%,102.08,352.00,,,,https://nivoda-images.s3.eu-west-2.amazonaws.com/pdf/7306247337.pdf,,,African star (hk) ltd,HK,Y,f6e0efcb-9b29-42a6-9721-b7322986b542,,,
18,DR3-2A,7336948289,ROUND,3.01,F,SI2,EX,EX,EX,MED,Blue,,9.24,9.20,5.79,62.8,55,NON,GIA,MED to STK,100%,Not brown,Not green,,-42.00%,26187.00,8700.00,,,https://nivoda-images.s3.eu-west-2.amazonaws.com/cfde4724-9a75-43aa-a6ab-64b4ad5f9e78.jpg,http://s3.amazonaws.com/rap.certs/Gia/Certificates/2019/10/22/7336948289.pdf,,,African star (hk) ltd,HK,Y,f6e0efcb-9b29-42a6-9721-b7322986b542,,,
19,DQ-8,7338890251,ROUND,2.00,D,SI1,VG,EX,VG,NON,,,8.04,7.98,4.99,62.3,59,NON,GIA,MED to STK,100%,Not brown,Not green,,-45.00%,15950.00,7975.00,,,,http://s3.amazonaws.com/rap.certs/Gia/Certificates/2019/10/16/7338890251.pdf,,,African star (hk) ltd,HK,Y,f6e0efcb-9b29-42a6-9721-b7322986b542,,,
20,DG1-1B,1328748128,HEART,2.01,D,SI1,-,EX,VG,NON,,,7.58,8.81,5.16,58.6,61,None,GIA,STK to VTK,100%,Not brown,Not green,,-40.00%,14472.00,7200.00,,,https://nivoda-images.s3.eu-west-2.amazonaws.com/fc67aa44-58d2-4df9-a90c-6242156a4cdb.jpg,https://nivoda-images.s3.eu-west-2.amazonaws.com/pdf/1328748128.pdf,,,African star (hk) ltd,HK,Y,f6e0efcb-9b29-42a6-9721-b7322986b542,,,
21,DJ1-4E,1339069109,PEAR,2.00,E,VS1,-,EX,VG,NON,,,10.73,7.09,4.14,58.4,62,None,GIA,THK to ETK,100%,Not brown,Not green,,-33.00%,20100.00,10050.00,,,https://nivoda-images.s3.eu-west-2.amazonaws.com/4900309b-69e3-443a-9f87-0065ae959afb.jpg,https://nivoda-images.s3.eu-west-2.amazonaws.com/pdf/1339069109.pdf,,,African star (hk) ltd,HK,Y,f6e0efcb-9b29-42a6-9721-b7322986b542,,,
22,DI-2F,1338023919,PEAR,0.69,D,VVS2,-,VG,VG,NON,,,7.82,4.95,2.93,59.1,61,None,GIA,STK to ETK,100%,Not brown,Not green,,-38.00%,1368.96,1984.00,,,https://nivoda-images.s3.eu-west-2.amazonaws.com/494b44a0-f1d6-43d3-acd1-e388e45c9078.jpg,https://nivoda-images.s3.eu-west-2.amazonaws.com/pdf/1338023919.pdf,,,African star (hk) ltd,HK,Y,f6e0efcb-9b29-42a6-9721-b7322986b542,,,
23,DR2-2J,1349200880,ROUND,1.00,E,SI2,EX,VG,VG,NON,,,6.40,6.37,3.94,61.7,60,NON,GIA,MED to STK,100%,Not brown,Not green,,-44.00%,3472.00,3472.00,,,https://nivoda-images.s3.eu-west-2.amazonaws.com/9d15b3f5-8458-4f6a-be70-38896efcd70a.jpg,https://www.gia.edu/report-check?reportno=1349200880,,,African star (hk) ltd,HK,Y,f6e0efcb-9b29-42a6-9721-b7322986b542,,,
24,DM1-12A,2337773522,PEAR,0.60,J,IF,-,EX,EX,FNT,,,7.72,4.8,2.83,58.9,57,None,GIA,STK to THK,100%,Not brown,Not green,,-43.00%,718.20,1197.00,,,https://nivoda-images.s3.eu-west-2.amazonaws.com/2e9e081c-e509-4c22-a2e4-75a1e4da692d.jpg,https://nivoda-images.s3.eu-west-2.amazonaws.com/pdf/2337773522.pdf,,,African star (hk) ltd,HK,Y,f6e0efcb-9b29-42a6-9721-b7322986b542,,,
25,CE1-11,2337588532,MARQUISE,2.01,H,SI1,-,VG,G,NON,,,14.34,5.54,2.7,48.7,60,None,GIA,STK to ETK,100%,Not brown,Not green,,-55.00%,8230.95,4095.00,,,https://nivoda-images.s3.eu-west-2.amazonaws.com/0G1bJaIKwI.mp4,https://nivoda-images.s3.eu-west-2.amazonaws.com/pdf/2337588532.pdf,,,African star (hk) ltd,HK,Y,f6e0efcb-9b29-42a6-9721-b7322986b542,,,
26,DF-6A,2324693623,HEART,1.01,J,SI2,-,EX,VG,NON,,,5.75,7.01,4.21,60.1,61,None,GIA,THK to VTK,100%,Not brown,Not green,,-42.00%,1874.56,1856.00,,,https://nivoda-images.s3.eu-west-2.amazonaws.com/62d8cc1c-8c8f-4a66-8617-8565828cb28e.jpg,https://nivoda-images.s3.eu-west-2.amazonaws.com/pdf/2324693623.pdf,,,African star (hk) ltd,HK,Y,f6e0efcb-9b29-42a6-9721-b7322986b542,,,
27,DR5-3C,2347123854,ROUND,1.01,K,I1,EX,EX,EX,NON,,,6.44,6.46,3.96,61.4,58,None,GIA,MED to STK,100%,Not brown,Not green,,-24.00%,2226.04,2204.00,,,,https://nivoda-images.s3.eu-west-2.amazonaws.com/pdf/2347123854.pdf,,,African star (hk) ltd,HK,Y,f6e0efcb-9b29-42a6-9721-b7322986b542,,,
28,DK-15,5336108216,PEAR,0.40,I,SI1,-,VG,VG,NON,,,6.68,4.2,2.46,58.6,58,None,GIA,THK to VTK,100%,Not brown,Not green,,-38.00%,347.20,868.00,,,https://nivoda-images.s3.eu-west-2.amazonaws.com/55276ab7-3961-440a-9413-a73325148665.jpg,https://nivoda-images.s3.eu-west-2.amazonaws.com/pdf/5336108216.pdf,,,African star (hk) ltd,HK,Y,f6e0efcb-9b29-42a6-9721-b7322986b542,,,
29,DB1-19H,6335748132,PEAR,0.40,I,VS2,-,VG,VG,FNT,,,6.49,4.28,2.41,56.4,60,None,GIA,THK to VTK,100%,Not brown,Not green,,-43.00%,342.00,855.00,,,https://nivoda-images.s3.eu-west-2.amazonaws.com/aaecd742-b7fb-4c56-8bce-7f818fc3004e.jpg,https://nivoda-images.s3.eu-west-2.amazonaws.com/pdf/6335748132.pdf,,,African star (hk) ltd,HK,Y,f6e0efcb-9b29-42a6-9721-b7322986b542,,,
30,DF-17A,6325607558,PEAR,0.70,H,SI1,-,EX,G,NON,,,8.01,4.91,2.98,60.7,47,None,GIA,MED to VTK,100%,Not brown,Not green,,-45.00%,1116.50,1595.00,,,,https://nivoda-images.s3.eu-west-2.amazonaws.com/pdf/6325607558.pdf,,,African star (hk) ltd,HK,Y,f6e0efcb-9b29-42a6-9721-b7322986b542,,,
31,DG1-2N,6321535445,PEAR,0.80,F,VVS1,-,EX,VG,FNT,,,8.03,4.98,3.46,69.4,57,None,GIA,STK to THK,100%,Not brown,Not green,,-40.00%,2112.00,2640.00,,,https://nivoda-images.s3.eu-west-2.amazonaws.com/0f74b9e9-8438-45ea-8a9a-ccbcdbb34eeb.jpg,https://nivoda-images.s3.eu-west-2.amazonaws.com/pdf/6321535445.pdf,,,African star (hk) ltd,HK,Y,f6e0efcb-9b29-42a6-9721-b7322986b542,,,
32,DR2-1,6342370051,PEAR,2.00,E,SI1,-,EX,EX,NON,,,11.27,7.07,4.22,59.7,62,NON,GIA,STK to VTK,100%,Not brown,Not green,,-33.00%,15410.00,7705.00,,,https://nivoda-images.s3.eu-west-2.amazonaws.com/8475741d-cc6e-4438-8196-6e1d2501be4e.jpg,https://www.gia.edu/report-check?reportno=6342370051,,,African star (hk) ltd,HK,Y,f6e0efcb-9b29-42a6-9721-b7322986b542,,,
33,DR1-4B,6345123874,ROUND,2.50,F,SI2,EX,EX,EX,STG,Blue,,8.71,8.65,5.35,61.6,60,NON,GIA,MED to STK,100%,Not brown,Not green,,-36.00%,16000.00,6400.00,,,https://nivoda-images.s3.eu-west-2.amazonaws.com/71e91d8f-358c-4866-9510-367b592f1447.jpg,https://www.gia.edu/report-check?reportno=6345123874,,,African star (hk) ltd,HK,Y,f6e0efcb-9b29-42a6-9721-b7322986b542,,,
34,DJ1-3E,7331073794,PEAR,1.00,E,VVS2,-,EX,VG,NON,,,8.71,5.44,3.47,63.8,60,None,GIA,THK to VTK,100%,Not brown,Not green,,-41.00%,4602.00,4602.00,,,https://nivoda-images.s3.eu-west-2.amazonaws.com/c3d913ff-8d43-4071-8b84-0baf7a05e6a2.jpg,https://nivoda-images.s3.eu-west-2.amazonaws.com/pdf/7331073794.pdf,,,African star (hk) ltd,HK,Y,f6e0efcb-9b29-42a6-9721-b7322986b542,,,
35,DR3-2M,7348123869,ROUND,3.01,F,I1,EX,EX,EX,MED,Blue,,9.16,9.23,5.75,62.6,58,None,GIA,STK,100%,Not brown,Not green,,-11.00%,19555.97,6497.00,,,,https://nivoda-images.s3.eu-west-2.amazonaws.com/pdf/7348123869.pdf,,,African star (hk) ltd,HK,Y,f6e0efcb-9b29-42a6-9721-b7322986b542,,,
36,EE-2C,1343613186,ROUND,2.00,I,SI2,EX,EX,EX,NON,,,8.08,8.01,5.03,62.5,56,NON,GIA,MED to STK,100%,Not brown,Not green,,-37.00%,10458.00,5229.00,,,https://nivoda-images.s3.eu-west-2.amazonaws.com/e984ad09-003a-41ed-a4f9-5f3ad89193cf.jpg,http://s3.amazonaws.com/rap.certs/Gia/Certificates/2020/1/15/1343613186.pdf,,,African star (hk) ltd,HK,Y,f6e0efcb-9b29-42a6-9721-b7322986b542,,,
37,EE-2,1345613129,ROUND,2.03,I,SI2,EX,EX,EX,NON,,,8.25,8.20,4.91,59.7,60,NON,GIA,MED to STK,100%,Not brown,Not green,,-37.00%,10614.87,5229.00,,,https://nivoda-images.s3.eu-west-2.amazonaws.com/95dc824c-8184-4afc-b30d-d8f99dc9ba37.jpg,http://s3.amazonaws.com/rap.certs/Gia/Certificates/2020/1/15/1345613129.pdf,,,African star (hk) ltd,HK,Y,f6e0efcb-9b29-42a6-9721-b7322986b542,,,
38,ED-13A,1348706575,ROUND,1.00,G,I1,VG,VG,VG,NON,,,6.45,6.53,3.79,58.4,64,None,GIA,MED to THK,100%,Not brown,Not green,,-42.00%,2262.00,2262.00,,,,https://nivoda-images.s3.eu-west-2.amazonaws.com/pdf/1348706575.pdf,,,African star (hk) ltd,HK,Y,f6e0efcb-9b29-42a6-9721-b7322986b542,,,
39,ED-5,1349446704,ROUND,2.51,H,SI1,EX,EX,EX,NON,,,8.65,8.60,5.43,63.0,56,NON,GIA,MED to STK,100%,Not brown,Not green,,-23.00%,20293.35,8085.00,,,https://nivoda-images.s3.eu-west-2.amazonaws.com/79741a7a-9f09-43dd-b778-ca7182449374.jpg,https://www.gia.edu/report-check?reportno=1349446704,,,African star (hk) ltd,HK,Y,f6e0efcb-9b29-42a6-9721-b7322986b542,,,
40,ED-3A,1349619634,ROUND,1.50,G,SI1,EX,EX,EX,NON,,,7.45,7.41,4.44,59.7,60,NON,GIA,MED to STK,100%,Not brown,Not green,,-37.00%,8316.00,5544.00,,,,http://s3.amazonaws.com/rap.certs/Gia/Certificates/2020/1/16/1349619634.pdf,,,African star (hk) ltd,HK,Y,f6e0efcb-9b29-42a6-9721-b7322986b542,,,
41,DR4-7E,2346558151,ROUND,0.81,E,I1,EX,EX,EX,NON,,,5.92,5.95,3.72,62.7,58,None,GIA,MED to STK,100%,Not brown,Not green,,-17.00%,1815.21,2241.00,,,,https://nivoda-images.s3.eu-west-2.amazonaws.com/pdf/2346558151.pdf,,,African star (hk) ltd,HK,Y,f6e0efcb-9b29-42a6-9721-b7322986b542,,,
42,ED-12A,2344539552,ROUND,1.50,L,SI1,EX,EX,EX,FNT,,,7.32,7.36,4.53,61.7,60,None,GIA,STK,100%,Not brown,Not green,,-36.00%,3936.00,2624.00,,,,https://nivoda-images.s3.eu-west-2.amazonaws.com/pdf/2344539552.pdf,,,African star (hk) ltd,HK,Y,f6e0efcb-9b29-42a6-9721-b7322986b542,,,
43,EF2-1B,2346613187,ROUND,3.00,D,SI2,EX,EX,EX,NON,,,9.2,9.26,5.66,61.3,61,None,GIA,MED to STK,100%,Not brown,Not green,,-27.00%,37230.00,12410.00,,,,https://nivoda-images.s3.eu-west-2.amazonaws.com/pdf/2346613187.pdf,,,African star (hk) ltd,HK,Y,f6e0efcb-9b29-42a6-9721-b7322986b542,,,
44,ED-6,2347502702,ROUND,2.03,D,SI2,EX,EX,EX,NON,,,8.10,8.07,5.04,62.4,58,NON,GIA,MED,100%,Not brown,Not green,,-33.00%,15641.15,7705.00,,,https://nivoda-images.s3.eu-west-2.amazonaws.com/1909822d-5525-46c7-8699-451ca9963417.jpg,http://s3.amazonaws.com/rap.certs/Gia/Certificates/2020/1/6/2347502702.pdf,,,African star (hk) ltd,HK,Y,f6e0efcb-9b29-42a6-9721-b7322986b542,,,
45,EC-6,6342407231,ROUND,1.32,G,VS2,EX,EX,EX,NON,,,7.03,6.99,4.34,62.0,59,NON,GIA,MED to STK,100%,Not brown,Not green,,-28.00%,7508.16,5688.00,,,https://nivoda-images.s3.eu-west-2.amazonaws.com/a3f5acb9-a79c-413c-a178-3ba5f903c473.jpg,https://www.gia.edu/report-check?reportno=6342407231,,,African star (hk) ltd,HK,Y,f6e0efcb-9b29-42a6-9721-b7322986b542,,,
46,ED-7A,6352136902,ROUND,1.70,G,SI2,EX,EX,EX,FNT,,,7.66,7.62,4.73,61.9,58,NON,GIA,MED to STK,100%,Not brown,Not green,Light Milky,-32.00%,8323.20,4896.00,,,,,,,African star (hk) ltd,HK,Y,f6e0efcb-9b29-42a6-9721-b7322986b542,,,
47,DR2-6D,7346368180,ROUND,0.73,J,SI2,EX,EX,EX,STG,Blue,,5.75,5.73,3.59,62.5,57,NON,GIA,MED to STK,100%,Not brown,Not green,,-50.00%,876.00,1200.00,,,,https://www.gia.edu/report-check?reportno=7346368180,,,African star (hk) ltd,HK,Y,f6e0efcb-9b29-42a6-9721-b7322986b542,,,
48,EG-1C,1349772256,PEAR,1.00,H,SI1,-,EX,VG,NON,,,9.05,5.59,3.30,59.1,62,VSM,GIA,STK to VTK,100%,Not brown,Not green,,-42.00%,2784.00,2784.00,,,https://nivoda-images.s3.eu-west-2.amazonaws.com/40348b89-cb04-4b11-9cdc-648938e2223e.jpg,,,,African star (hk) ltd,HK,Y,f6e0efcb-9b29-42a6-9721-b7322986b542,,,
49,EF3-4,1349868299,ROUND,1.00,G,I1,EX,VG,VG,NON,,,6.35,6.37,3.96,62.3,59,None,GIA,MED to STK,100%,Not brown,Not green,,-37.00%,2457.00,2457.00,,,,https://nivoda-images.s3.eu-west-2.amazonaws.com/pdf/1349868299.pdf,,,African star (hk) ltd,HK,Y,f6e0efcb-9b29-42a6-9721-b7322986b542,,,
50,EF2-10,2344716985,ROUND,2.51,F,SI2,EX,EX,EX,NON,,,8.65,8.7,5.39,62.1,59,None,GIA,MED to STK,100%,Not brown,Not green,,-25.00%,18825.00,7500.00,,,https://nivoda-images.s3.eu-west-2.amazonaws.com/d290373a-71c0-469f-abb4-e579a92c2e1d.jpg,https://nivoda-images.s3.eu-west-2.amazonaws.com/pdf/2344716985.pdf,,,African star (hk) ltd,HK,Y,f6e0efcb-9b29-42a6-9721-b7322986b542,,,
51,DR5-9G,2346723355,PEAR,0.72,E,SI1,-,EX,VG,MED,Blue,,7.51,5.1,3.1,60.7,60,None,GIA,STK to VTK,100%,Not brown,Not green,,-55.91%,1142.81,1587.24,,,,https://nivoda-images.s3.eu-west-2.amazonaws.com/pdf/2346723355.pdf,,,African star (hk) ltd,HK,Y,f6e0efcb-9b29-42a6-9721-b7322986b542,,,
52,DR2-4E,2346772244,PEAR,1.01,D,SI2,-,EX,VG,MED,Blue,,8.49,5.65,3.59,63.6,57,NON,GIA,STK to VTK,100%,Not brown,Not green,,-51.00%,2523.99,2499.00,,,,,,,African star (hk) ltd,HK,Y,f6e0efcb-9b29-42a6-9721-b7322986b542,,,
53,EF1-2J,2347851866,ROUND,1.05,H,I1,EX,EX,EX,NON,,,6.57,6.59,3.96,60.1,60,None,GIA,THN to STK,100%,Not brown,Not green,,-32.00%,2641.80,2516.00,,,,https://nivoda-images.s3.eu-west-2.amazonaws.com/pdf/2347851866.pdf,,,African star (hk) ltd,HK,Y,f6e0efcb-9b29-42a6-9721-b7322986b542,,,
54,EF2-5C,2346820553,PEAR,0.80,E,SI1,-,EX,GD,NON,,,7.86,5.07,3.29,64.9,57,NON,GIA,THK to VTK,100%,Not brown,Not green,,-45.00%,1584.00,1980.00,,,,,,,African star (hk) ltd,HK,Y,f6e0efcb-9b29-42a6-9721-b7322986b542,,,
55,EF1-7N,2347776123,PEAR,0.70,G,I1,-,EX,G,NON,,,8.01,4.92,2.92,59.2,59,None,GIA,STK to VTK,100%,Not brown,Not green,,-34.00%,924.00,1320.00,,,,https://nivoda-images.s3.eu-west-2.amazonaws.com/pdf/2347776123.pdf,,,African star (hk) ltd,HK,Y,f6e0efcb-9b29-42a6-9721-b7322986b542,,,
56,EG-1A,3345773343,PEAR,0.70,G,VS2,-,EX,VG,NON,,,8.09,5.11,2.85,55.7,65,NON,GIA,MED to VTK,100%,Not brown,Not green,,-44.00%,1411.20,2016.00,,,,,,,African star (hk) ltd,HK,Y,f6e0efcb-9b29-42a6-9721-b7322986b542,,,
57,EF3-2A,3345760909,ROUND,0.91,F,IF,EX,EX,EX,NON,,,6.21,6.18,3.82,61.7,59,NON,GIA,MED to STK,100%,Not brown,Not green,,-36.00%,5358.08,5888.00,,,,,,,African star (hk) ltd,HK,Y,f6e0efcb-9b29-42a6-9721-b7322986b542,,,
58,EF1-2F,407913763,ROUND,1.01,H,I1,EX,VG,VG,NON,,,6.44,6.48,3.85,59.6,63,POINTED,IGI,MED to STK,100%,Not brown,Not green,,-52.91%,1759.75,1742.33,,,,,,,African star (hk) ltd,HK,Y,f6e0efcb-9b29-42a6-9721-b7322986b542,,,
59,EF2-4,6341770777,ROUND,2.50,D,SI1,EX,EX,EX,NON,,,8.75,8.78,5.31,60.5,59,None,GIA,STK,100%,Not brown,Not green,,-28.00%,26100.00,10440.00,,,https://nivoda-images.s3.eu-west-2.amazonaws.com/51e07834-4a40-468c-9eca-940964ce59f5.jpg,https://nivoda-images.s3.eu-west-2.amazonaws.com/pdf/6341770777.pdf,,,African star (hk) ltd,HK,Y,f6e0efcb-9b29-42a6-9721-b7322986b542,,,
60,EF2-10B,6342717604,ROUND,0.30,D,SI2,EX,EX,VG,NON,,,4.38,4.36,2.60,59.5,60,NON,GIA,MED,100%,Not brown,Not green,,-35.00%,331.50,1105.00,,,,,,,African star (hk) ltd,HK,Y,f6e0efcb-9b29-42a6-9721-b7322986b542,,,
61,ED-4,6342719599,OVAL,2.02,F,IF,-,EX,EX,NON,,,9.97,7.22,4.31,59.7,60,None,GIA,STK to THK,100%,Not brown,Not green,,-32.00%,24038.00,11900.00,,,,https://nivoda-images.s3.eu-west-2.amazonaws.com/pdf/6342719599.pdf,,,African star (hk) ltd,HK,Y,f6e0efcb-9b29-42a6-9721-b7322986b542,,,
62,EF3-3C,6345852362,ROUND,1.00,D,SI2,EX,VG,VG,NON,,,6.38,6.43,3.98,62,55,None,GIA,THN to STK,100%,Not brown,Not green,,-42.00%,3770.00,3770.00,,,https://nivoda-images.s3.eu-west-2.amazonaws.com/aae3ad68-f46b-4e7d-b913-7a63cdd02f57.jpg,https://nivoda-images.s3.eu-west-2.amazonaws.com/pdf/6345852362.pdf,,,African star (hk) ltd,HK,Y,f6e0efcb-9b29-42a6-9721-b7322986b542,,,
63,EF2-5,6342873625,PEAR,1.03,E,SI2,-,EX,VG,NON,,,9.11,5.54,3.39,61.1,57,NON,GIA,MED to THK,100%,Not brown,Not green,,-41.00%,2977.73,2891.00,,,https://nivoda-images.s3.eu-west-2.amazonaws.com/ed61abdc-3552-4e9a-9edb-008ce3794541.jpg,,,,African star (hk) ltd,HK,Y,f6e0efcb-9b29-42a6-9721-b7322986b542,,,
64,EF1-7A,7346827345,ROUND,0.50,Faint Pink,VS2,GD,EX,EX,NON,,,5.1,5.12,3.13,61.3,60,None,GIA,MED to STK,100%,Not brown,Not green,,0.00%,1175.00,2350.00,,,,https://nivoda-images.s3.eu-west-2.amazonaws.com/pdf/7346827345.pdf,,,African star (hk) ltd,HK,Y,f6e0efcb-9b29-42a6-9721-b7322986b542,,,
65,EF3-11,6352155470,ROUND,0.35,F,I1,EX,EX,EX,NON,,,4.55,4.57,2.77,60.7,60,Very Small,GIA,MED to STK,100%,Not brown,Not green,,-33.00%,304.85,871.00,,,,https://nivoda-images.s3.eu-west-2.amazonaws.com/pdf/6352155470.pdf,,,African star (hk) ltd,HK,Y,f6e0efcb-9b29-42a6-9721-b7322986b542,,,
66,EF3-5D,1343974220,PEAR,1.00,I,VS1,-,EX,VG,NON,,,8.71,5.41,3.42,63.3,57,SML,GIA,THK to ETK,100%,Not brown,Not green,,-45.00%,2530.00,2530.00,,,,,,,African star (hk) ltd,HK,Y,f6e0efcb-9b29-42a6-9721-b7322986b542,,,
67,EF3-9A,1345971359,ROUND,1.01,K Faint Brown,SI2,EX,EX,EX,NON,,,6.47,6.51,3.92,60.3,59,Very Small,GIA,MED to STK,100%,,,,-50.00%,1818.00,1800.00,,,,https://nivoda-images.s3.eu-west-2.amazonaws.com/pdf/1345971359.pdf,,,African star (hk) ltd,HK,Y,f6e0efcb-9b29-42a6-9721-b7322986b542,,,
68,EH1-16,1358158556,ROUND,0.76,M,VVS2,EX,EX,EX,NON,,,5.81,5.82,3.63,62.3,56,None,GIA,MED to STK,100%,Not brown,Not green,,-35.00%,1086.80,1430.00,,,,https://nivoda-images.s3.eu-west-2.amazonaws.com/pdf/1358158556.pdf,,,African star (hk) ltd,HK,Y,f6e0efcb-9b29-42a6-9721-b7322986b542,,,
69,EF3-22,1359070973,ROUND,1.10,M Faint Brown,VS1,EX,EX,EX,FNT,,,6.65,6.67,4.04,60.6,60,None,GIA,STK,100%,Not brown,Not green,,-47.00%,2040.50,1855.00,,,,https://nivoda-images.s3.eu-west-2.amazonaws.com/pdf/1359070973.pdf,,,African star (hk) ltd,HK,Y,f6e0efcb-9b29-42a6-9721-b7322986b542,,,
70,DR4-2H,1358158495,ROUND,0.50,E,I1,EX,EX,EX,NON,,,5.09,5.1,3.16,61.9,58,None,GIA,MED to STK,100%,Not brown,Not green,,-37.00%,630.00,1260.00,,,,https://nivoda-images.s3.eu-west-2.amazonaws.com/pdf/1358158495.pdf,,,African star (hk) ltd,HK,Y,f6e0efcb-9b29-42a6-9721-b7322986b542,,,
71,EH1-6,2354244355,PEAR,0.90,H,SI1,-,EX,VG,NON,,,8.32,5.17,3.45,66.8,59,None,GIA,VTK to ETK,100%,Not brown,Not green,,-45.00%,2029.50,2255.00,,,,https://nivoda-images.s3.eu-west-2.amazonaws.com/pdf/2354244355.pdf,,,African star (hk) ltd,HK,Y,f6e0efcb-9b29-42a6-9721-b7322986b542,,,
72,EF3-4A,5353119046,PEAR,1.00,F,SI1,-,EX,GD,NON,,,8.64,5.28,3.48,65.8,56,NON,GIA,THK to ETK,100%,Not brown,Not green,,-45.00%,3025.00,3025.00,,,,,,,African star (hk) ltd,HK,Y,f6e0efcb-9b29-42a6-9721-b7322986b542,,,
73,EF3-14,6355070633,ROUND,1.02,E,SI2,EX,EX,EX,NON,,,6.43,6.41,4.02,62.6,57,NON,GIA,MED,100%,Not brown,Not green,,-38.00%,3920.88,3844.00,,,,,,,African star (hk) ltd,HK,Y,f6e0efcb-9b29-42a6-9721-b7322986b542,,,
74,EF1-5N,7356159128,ROUND,0.52,F,I2,VG,VG,VG,NON,,,5.09,5.15,3.16,61.8,58,None,GIA,MED to THK,100%,Not brown,Not green,,-40.00%,405.60,780.00,,,,https://nivoda-images.s3.eu-west-2.amazonaws.com/pdf/7356159128.pdf,,,African star (hk) ltd,HK,Y,f6e0efcb-9b29-42a6-9721-b7322986b542,,,
75,EH2-2,2356224023,ROUND,1.01,I,SI1,EX,EX,EX,NON,,,6.46,6.49,3.96,61.1,59,None,GIA,MED to STK,100%,Not brown,Not green,,-41.00%,3456.22,3422.00,,,,https://nivoda-images.s3.eu-west-2.amazonaws.com/pdf/2356224023.pdf,,,African star (hk) ltd,HK,Y,f6e0efcb-9b29-42a6-9721-b7322986b542,,,
76,EH3-5A,2356238535,ROUND,1.01,J,VS2,EX,EX,EX,NON,,,6.46,6.48,3.93,60.7,59,None,GIA,MED to STK,100%,Not brown,Not green,,-38.00%,3318.86,3286.00,,,,https://nivoda-images.s3.eu-west-2.amazonaws.com/pdf/2356238535.pdf,,,African star (hk) ltd,HK,Y,f6e0efcb-9b29-42a6-9721-b7322986b542,,,
77,EH1-5,2356223997,ROUND,1.02,M,SI1,EX,EX,EX,MED,Blue,,6.43,6.46,4.02,62.4,57,None,GIA,THN to MED,100%,Not brown,Not green,,-40.00%,1958.40,1920.00,,,,https://nivoda-images.s3.eu-west-2.amazonaws.com/pdf/2356223997.pdf,,,African star (hk) ltd,HK,Y,f6e0efcb-9b29-42a6-9721-b7322986b542,,,
78,EF2-2A,2358241210,PEAR,0.50,F,VS2,-,EX,VG,MED,Blue,,6.6,4.36,2.72,62.5,60,None,GIA,STK to ETK,100%,Not brown,Not green,,-49.00%,612.00,1224.00,,,,https://nivoda-images.s3.eu-west-2.amazonaws.com/pdf/2358241210.pdf,,,African star (hk) ltd,HK,Y,f6e0efcb-9b29-42a6-9721-b7322986b542,,,
79,EH1-3,6352223938,ROUND,1.00,M,SI2,EX,EX,EX,NON,,,6.36,6.39,4.03,63.2,56,None,GIA,MED,100%,Not brown,Not green,,-35.00%,1820.00,1820.00,,,,https://nivoda-images.s3.eu-west-2.amazonaws.com/pdf/6352223938.pdf,,,African star (hk) ltd,HK,Y,f6e0efcb-9b29-42a6-9721-b7322986b542,,,
80,EH1-2A,6355223646,ROUND,1.02,K,SI2,VG,VG,VG,NON,,,6.28,6.34,4.07,64.4,59,None,GIA,STK to THK,100%,Not brown,Not green,,-49.00%,1872.72,1836.00,,,,https://nivoda-images.s3.eu-west-2.amazonaws.com/pdf/6355223646.pdf,,,African star (hk) ltd,HK,Y,f6e0efcb-9b29-42a6-9721-b7322986b542,,,
81,EH3-7,6352333971,ROUND,2.03,L,SI1,EX,EX,EX,MED,Blue,,8.08,8.13,5.05,62.4,57,None,GIA,THN to MED,100%,Not brown,Not green,,-39.00%,6439.16,3172.00,,,,https://nivoda-images.s3.eu-west-2.amazonaws.com/pdf/6352333971.pdf,,,African star (hk) ltd,HK,Y,f6e0efcb-9b29-42a6-9721-b7322986b542,,,
82,EI-10,7351333976,ROUND,2.01,H,SI1,EX,EX,EX,NON,,,8.01,8.06,5.03,62.7,57,None,GIA,MED to STK,100%,Not brown,Not green,,-36.00%,13507.20,6720.00,,,,https://nivoda-images.s3.eu-west-2.amazonaws.com/pdf/7351333976.pdf,,,African star (hk) ltd,HK,Y,f6e0efcb-9b29-42a6-9721-b7322986b542,,,
83,EH3-29,7358334592,ROUND,1.01,J,SI2,EX,EX,EX,NON,,,6.4,6.44,3.97,61.8,60,None,GIA,STK,100%,Not brown,Not green,,-45.00%,2499.75,2475.00,,,,https://nivoda-images.s3.eu-west-2.amazonaws.com/pdf/7358334592.pdf,,,African star (hk) ltd,HK,Y,f6e0efcb-9b29-42a6-9721-b7322986b542,,,
84,AST-39,1253676556,CUSHION MODIFIED,2.31,Fancy Yellowish Green,SI1,-,EX,VG,NON,,,7.21,7.19,4.77,66.4,60,None,GIA,VTK to ETK,100%,Not brown,Not green,,0.00%,34650.00,15000.00,,,,https://nivoda-images.s3.eu-west-2.amazonaws.com/pdf/1253676556.pdf,,,African star (hk) ltd,HK,Y,f6e0efcb-9b29-42a6-9721-b7322986b542,,,
85,S-15,1265812359,ROUND,3.51,D,SI2,EX,EX,EX,NON,,,9.77,9.74,6.02,61.7,58,NON,GIA,THN to MED,100%,Not brown,Not green,Light Milky,-31.00%,41172.30,11730.00,,,https://nivoda-images.s3.eu-west-2.amazonaws.com/aaceb164-2bd4-46c4-874b-0caff853dea7.jpg,http://s3.amazonaws.com/rap.certs/Gia/Certificates/2018/12/21/1265812359.pdf,,,African star (hk) ltd,HK,Y,f6e0efcb-9b29-42a6-9721-b7322986b542,,,
86,AST-40,7276996011,CUSHION MODIFIED,2.63,Fancy Grayish Yellowish Green,VS2,-,VG,G,NON,,,8.48,7.25,4.76,65.7,60,None,GIA,THK to VTK,100%,Not brown,Not green,,0.00%,39450.00,15000.00,,,,https://nivoda-images.s3.eu-west-2.amazonaws.com/pdf/7276996011.pdf,,,African star (hk) ltd,HK,Y,f6e0efcb-9b29-42a6-9721-b7322986b542,,,
87,AST-B33,2334344150,ROUND,1.02,J,IF,EX,EX,EX,MED,Blue,,6.45,6.48,3.97,61.3,61,None,GIA,MED to STK,100%,Not brown,Not green,,-43.00%,3546.54,3477.00,,,,https://nivoda-images.s3.eu-west-2.amazonaws.com/pdf/2334344150.pdf,,,African star (hk) ltd,HK,Y,f6e0efcb-9b29-42a6-9721-b7322986b542,,,
88,AST-B32,2356218825,ROUND,1.01,J,VVS2,EX,EX,EX,NON,,,6.38,6.4,3.98,62.3,59,None,GIA,STK,100%,Not brown,Not green,,-38.00%,3569.34,3534.00,,,,https://nivoda-images.s3.eu-west-2.amazonaws.com/pdf/2356218825.pdf,,,African star (hk) ltd,HK,Y,f6e0efcb-9b29-42a6-9721-b7322986b542,,,
89,AST-B8,7306526701,ROUND,1.00,D,VVS1,EX,EX,VG,NON,,,6.4,6.45,3.9,60.7,61,None,GIA,MED to STK,100%,Not brown,Not green,,-42.00%,8352.00,8352.00,,,,https://nivoda-images.s3.eu-west-2.amazonaws.com/pdf/7306526701.pdf,,,African star (hk) ltd,HK,Y,f6e0efcb-9b29-42a6-9721-b7322986b542,,,
90,EI-4,1353384691,ROUND,2.01,K,VS2,EX,EX,EX,NON,,,8,8.07,5.05,62.9,57,None,GIA,MED to STK,100%,Not brown,Not green,,-33.00%,8753.55,4355.00,,,,https://nivoda-images.s3.eu-west-2.amazonaws.com/pdf/1353384691.pdf,,,African star (hk) ltd,HK,Y,f6e0efcb-9b29-42a6-9721-b7322986b542,,,
91,EH1-2,1359388748,HEART,1.03,M,SI2,-,VG,G,NON,,,6.19,7.12,3.99,56,62,None,GIA,STK to THK,100%,Not brown,Not green,,-33.00%,1311.19,1273.00,,,,https://nivoda-images.s3.eu-west-2.amazonaws.com/pdf/1359388748.pdf,,,African star (hk) ltd,HK,Y,f6e0efcb-9b29-42a6-9721-b7322986b542,,,
92,EI-9,2356384650,ROUND,2.00,I,SI2,EX,EX,EX,NON,,,8.07,8.12,5,61.7,59,None,GIA,MED to STK,100%,Not brown,Not green,,-37.00%,10458.00,5229.00,,,,https://nivoda-images.s3.eu-west-2.amazonaws.com/pdf/2356384650.pdf,,,African star (hk) ltd,HK,Y,f6e0efcb-9b29-42a6-9721-b7322986b542,,,
93,EI-6,2356384704,ROUND,2.03,D,SI1,EX,EX,EX,NON,,,8.03,8.08,5.05,62.7,58,None,GIA,MED to STK,100%,Not brown,Not green,,-38.00%,18249.70,8990.00,,,,https://nivoda-images.s3.eu-west-2.amazonaws.com/pdf/2356384704.pdf,,,African star (hk) ltd,HK,Y,f6e0efcb-9b29-42a6-9721-b7322986b542,,,
94,EC-8A,2357389810,PEAR,0.52,I,SI1,-,EX,VG,NON,,,6.75,4.5,2.93,65.3,60,None,GIA,MED to THK,100%,Not brown,Not green,,-47.00%,496.08,954.00,,,,https://nivoda-images.s3.eu-west-2.amazonaws.com/pdf/2357389810.pdf,,,African star (hk) ltd,HK,Y,f6e0efcb-9b29-42a6-9721-b7322986b542,,,
95,EI-8,2357384722,ROUND,2.33,D,SI1,EX,EX,EX,NON,,,8.46,8.51,5.29,62.4,58,None,GIA,MED to STK,100%,Not brown,Not green,,-30.00%,23649.50,10150.00,,,,https://nivoda-images.s3.eu-west-2.amazonaws.com/pdf/2357384722.pdf,,,African star (hk) ltd,HK,Y,f6e0efcb-9b29-42a6-9721-b7322986b542,,,
96,EH3-40,7351388555,ROUND,1.00,G,I1,EX,VG,VG,FNT,,,6.34,6.42,3.94,61.8,59,Very Small,GIA,MED to STK,100%,Not brown,Not green,,-39.00%,2379.00,2379.00,,,,https://nivoda-images.s3.eu-west-2.amazonaws.com/pdf/7351388555.pdf,,,African star (hk) ltd,HK,Y,f6e0efcb-9b29-42a6-9721-b7322986b542,,,
97,EI-13,6355386678,ROUND,1.50,L Faint Brown,VS2,EX,EX,VG,FNT,,,7.22,7.28,4.58,63.2,55,Very Small,GIA,MED to STK,100%,Light Brown,,,-42.00%,3741.00,2494.00,,,,https://nivoda-images.s3.eu-west-2.amazonaws.com/pdf/6355386678.pdf,,,African star (hk) ltd,HK,Y,f6e0efcb-9b29-42a6-9721-b7322986b542,,,
98,EH3-24,7351388498,ROUND,1.21,H,I1,EX,EX,EX,NON,,,6.88,6.91,4.15,60.1,59,None,GIA,STK,100%,Not brown,Not green,,-28.00%,3223.44,2664.00,,,,https://nivoda-images.s3.eu-west-2.amazonaws.com/pdf/7351388498.pdf,,,African star (hk) ltd,HK,Y,f6e0efcb-9b29-42a6-9721-b7322986b542,,,
99,EH3-25,7352388540,ROUND,1.01,I,SI2,EX,EX,EX,MED,Blue,,6.36,6.4,4.03,63.2,56,None,GIA,THN to MED,100%,Not brown,Not green,,-48.00%,2573.48,2548.00,,,,https://nivoda-images.s3.eu-west-2.amazonaws.com/pdf/7352388540.pdf,,,African star (hk) ltd,HK,Y,f6e0efcb-9b29-42a6-9721-b7322986b542,,,
100,EH3-21,7353388573,ROUND,1.03,I,I1,EX,EX,EX,FNT,,,6.43,6.46,4.03,62.5,58,None,GIA,MED,100%,Not brown,Not green,,-39.00%,2073.39,2013.00,,,,https://nivoda-images.s3.eu-west-2.amazonaws.com/pdf/7353388573.pdf,,,African star (hk) ltd,HK,Y,f6e0efcb-9b29-42a6-9721-b7322986b542,,,
101,EI-9A,7358388554,ROUND,1.01,I,SI2,EX,EX,EX,NON,,,6.46,6.5,3.98,61.4,56,None,GIA,MED to STK,100%,Not brown,Not green,,-42.00%,2870.42,2842.00,,,,https://nivoda-images.s3.eu-west-2.amazonaws.com/pdf/7358388554.pdf,,,African star (hk) ltd,HK,Y,f6e0efcb-9b29-42a6-9721-b7322986b542,,,
102,EH3-11,2354389012,PEAR,1.01,L,VS1,-,EX,G,STG,Blue,,8.39,5.49,3.62,65.9,56,None,GIA,MED to THK,100%,Not brown,Not green,,-48.00%,1418.04,1404.00,,,,https://nivoda-images.s3.eu-west-2.amazonaws.com/pdf/2354389012.pdf,,,African star (hk) ltd,HK,Y,f6e0efcb-9b29-42a6-9721-b7322986b542,,,
103,EH3-10,1359461324,HEART,1.52,G,SI1,-,EX,VG,MED,Blue,,7.36,8.12,4.46,54.9,58,None,GIA,MED to THK,100%,Not brown,Not green,,-46.00%,6320.16,4158.00,,,,https://nivoda-images.s3.eu-west-2.amazonaws.com/pdf/1359461324.pdf,,,African star (hk) ltd,HK,Y,f6e0efcb-9b29-42a6-9721-b7322986b542,,,
104,EH1-14,6351265337,MARQUISE,0.70,I,VS1,-,EX,VG,FNT,,,9.4,4.49,2.93,65.2,61,None,GIA,THK to VTK,100%,Not brown,Not green,,-28.00%,1360.80,1944.00,,,,https://nivoda-images.s3.eu-west-2.amazonaws.com/pdf/6351265337.pdf,,,African star (hk) ltd,HK,Y,f6e0efcb-9b29-42a6-9721-b7322986b542,,,
105,EH3-9,6351373307,ROUND,1.51,N Very Light Brown,VS1,VG,VG,VG,NON,,,7.27,7.33,4.57,62.6,56,None,GIA,VTN to STK,100%,,,,-50.00%,2944.50,1950.00,,,,https://nivoda-images.s3.eu-west-2.amazonaws.com/pdf/6351373307.pdf,,,African star (hk) ltd,HK,Y,f6e0efcb-9b29-42a6-9721-b7322986b542,,,
106,EH1-13,7356271016,ROUND,0.50,I,I1,EX,EX,EX,NON,,,5.06,5.09,3.2,62.9,56,None,GIA,THN to STK,100%,Not brown,Not green,,-27.00%,547.50,1095.00,,,,https://nivoda-images.s3.eu-west-2.amazonaws.com/pdf/7356271016.pdf,,,African star (hk) ltd,HK,Y,f6e0efcb-9b29-42a6-9721-b7322986b542,,,
107,EH3-35,1353532832,OVAL,1.00,L,SI1,-,EX,VG,FNT,,,7.46,5.76,3.66,63.5,53,Medium,GIA,STK to VTK,100%,Not brown,Not green,,-42.00%,1392.00,1392.00,,,,https://nivoda-images.s3.eu-west-2.amazonaws.com/pdf/1353532832.pdf,,,African star (hk) ltd,HK,Y,f6e0efcb-9b29-42a6-9721-b7322986b542,,,
108,EH3-79,5356532945,ROUND,2.05,I,I1,EX,EX,EX,FNT,,,8.09,8.13,5.08,62.6,57,None,GIA,MED to STK,100%,Not brown,Not green,,-27.00%,7781.80,3796.00,,,,https://nivoda-images.s3.eu-west-2.amazonaws.com/pdf/5356532945.pdf,,,African star (hk) ltd,HK,Y,f6e0efcb-9b29-42a6-9721-b7322986b542,,,
109,EH3-59,6355531935,MARQUISE,1.00,I,VS2,-,EX,VG,FNT,,,10.34,5.49,2.92,53.1,60,Small,GIA,THN to THK,100%,Not brown,Not green,,-30.00%,3080.00,3080.00,,,,https://nivoda-images.s3.eu-west-2.amazonaws.com/pdf/6355531935.pdf,,,African star (hk) ltd,HK,Y,f6e0efcb-9b29-42a6-9721-b7322986b542,,,
110,EH3-32,6352531909,PEAR,1.01,H,SI1,-,EX,VG,FNT,,,8.88,5.65,3.42,60.6,55,None,GIA,MED to THK,100%,Not brown,Not green,,-46.00%,2617.92,2592.00,,,,https://nivoda-images.s3.eu-west-2.amazonaws.com/pdf/6352531909.pdf,,,African star (hk) ltd,HK,Y,f6e0efcb-9b29-42a6-9721-b7322986b542,,,
111,EI-1,6352532875,PEAR,3.25,D,IF,-,EX,EX,NON,,,13.31,8.42,4.89,58.1,60,None,GIA,STK to THK,100%,Not brown,Not green,,-48.00%,73515.00,22620.00,https://loupe360.com/diamond/6352532875/video/500/500,256,https://nivoda-images.s3.amazonaws.com/aHR0cHM6Ly92MzYwLmluL0RpYW1vbmRWaWV3LmFzcHg/ZD1FSS0xJmNpZD1EaWFtb25kMzYwLWY=/0.jpg,https://nivoda-images.s3.eu-west-2.amazonaws.com/pdf/6352532875.pdf,,,African star (hk) ltd,HK,Y,f6e0efcb-9b29-42a6-9721-b7322986b542,,,
112,EJ-4,6355532992,ROUND,3.03,I,VS2,EX,EX,EX,STG,Blue,,9.31,9.36,5.72,61.3,59,None,GIA,MED to STK,100%,Not brown,Not green,,-41.00%,25027.80,8260.00,,,,https://nivoda-images.s3.eu-west-2.amazonaws.com/pdf/6355532992.pdf,,,African star (hk) ltd,HK,Y,f6e0efcb-9b29-42a6-9721-b7322986b542,,,
113,TVDD7-1,7351585042,ROUND,4.08,D,SI1,EX,EX,EX,NON,,,10.14,10.21,6.37,62.6,56,None,GIA,MED to STK,100%,Not brown,Not green,,-29.91%,77211.14,18924.30,,,,https://nivoda-images.s3.eu-west-2.amazonaws.com/pdf/7351585042.pdf,,,African star (hk) ltd,HK,Y,f6e0efcb-9b29-42a6-9721-b7322986b542,,,
114,EH3-49,425072875,ROUND,0.71,N,VS1,EX,EX,EX,NON,,,5.82,5.84,3.45,59.1,59.5,POINTED,IGI,THN to MED,100%,,,,-47.00%,790.23,1113.00,,,,https://www.igi.org/viewpdf.php?r=425072875,,,African star (hk) ltd,,Y,f6e0efcb-9b29-42a6-9721-b7322986b542,,,
115,EH3-6,5356270419,ROUND,1.00,N Very Light Brown,SI2,VG,VG,VG,NON,,,6.44,6.48,3.83,59.3,60,Small,GIA,MED to THK,100%,,,,-50.00%,1400.00,1400.00,,,,https://nivoda-images.s3.eu-west-2.amazonaws.com/pdf/5356270419.pdf,,,African star (hk) ltd,HK,Y,f6e0efcb-9b29-42a6-9721-b7322986b542,,,
116,ED-15A,2357269715,OVAL,0.51,G,SI1,-,EX,VG,NON,,,6.35,4.51,2.71,60.1,55,Very Small,GIA,MED to THK,100%,Not brown,Not green,,-44.00%,599.76,1176.00,,,,https://nivoda-images.s3.eu-west-2.amazonaws.com/pdf/2357269715.pdf,,,African star (hk) ltd,HK,Y,f6e0efcb-9b29-42a6-9721-b7322986b542,,,
117,EF1-5F,2356272115,HEART,1.03,F,SI1,-,EX,VG,NON,,,5.91,7.03,4.25,60.4,57,None,GIA,MED to THK,100%,Not brown,Not green,,-43.00%,3229.05,3135.00,,,,https://nivoda-images.s3.eu-west-2.amazonaws.com/pdf/2356272115.pdf,,,African star (hk) ltd,HK,Y,f6e0efcb-9b29-42a6-9721-b7322986b542,,,
118,EH1-12A,2357284744,PRINCESS,0.32,E,VVS2,-,VG,VG,NON,,,3.85,3.75,2.72,72.5,78,None,GIA,VTK,100%,Not brown,Not green,,-41.00%,358.72,1121.00,,,,https://nivoda-images.s3.eu-west-2.amazonaws.com/pdf/2357284744.pdf,,,African star (hk) ltd,HK,Y,f6e0efcb-9b29-42a6-9721-b7322986b542,,,
119,EH1-15,6352269741,EMERALD,0.85,E,VS1,-,VG,VG,NON,,,6.35,4.49,3.04,67.7,59,None,GIA,MED to STK,100%,Not brown,Not green,,-40.00%,2142.00,2520.00,,,,https://nivoda-images.s3.eu-west-2.amazonaws.com/pdf/6352269741.pdf,,,African star (hk) ltd,HK,Y,f6e0efcb-9b29-42a6-9721-b7322986b542,,,
120,EH3-1A,6352270418,ROUND,1.00,I,SI2,EX,VG,EX,NON,,,6.31,6.38,3.98,62.7,57,None,GIA,MED to STK,100%,Not brown,Not green,,-47.00%,2597.00,2597.00,,,,https://nivoda-images.s3.eu-west-2.amazonaws.com/pdf/6352270418.pdf,,,African star (hk) ltd,HK,Y,f6e0efcb-9b29-42a6-9721-b7322986b542,,,
121,EH3-3,6352269989,ROUND,1.17,G,VVS1,EX,EX,EX,MED,Blue,,6.75,6.78,4.17,61.6,60,None,GIA,MED to STK,100%,Not brown,Not green,,-47.00%,5890.95,5035.00,,,,https://nivoda-images.s3.eu-west-2.amazonaws.com/pdf/6352269989.pdf,,,African star (hk) ltd,HK,Y,f6e0efcb-9b29-42a6-9721-b7322986b542,,,
122,EF3-25I,1357278461,PEAR,0.54,Fancy Brownish Purple-Pink,SI1,-,VG,VG,NON,,,7.33,4.31,2.47,57.2,60,None,GIA,STK to ETK,,Not brown,Not green,,0.00%,5940.00,11000.00,,,,https://nivoda-images.s3.eu-west-2.amazonaws.com/pdf/1357278461.pdf,,,African star (hk) ltd,HK,Y,f6e0efcb-9b29-42a6-9721-b7322986b542,,,
123,EH3-6A,2354270430,ROUND,1.00,N Very Light Brown,SI1,EX,EX,EX,NON,,,6.48,6.49,3.94,60.7,59,None,GIA,MED to STK,100%,,,,-48.35%,1652.80,1652.80,,,,https://nivoda-images.s3.eu-west-2.amazonaws.com/pdf/2354270430.pdf,,,African star (hk) ltd,HK,Y,f6e0efcb-9b29-42a6-9721-b7322986b542,,,
124,EF3-25G,1353354940,PEAR,0.72,Fancy Purple-Pink,I1,-,VG,VG,NON,,,7.2,4.57,2.97,65.1,55,None,GIA,VTK to ETK,,Not brown,Not green,,0.00%,18000.00,25000.00,,,,https://nivoda-images.s3.eu-west-2.amazonaws.com/pdf/1353354940.pdf,,,African star (hk) ltd,HK,Y,f6e0efcb-9b29-42a6-9721-b7322986b542,,,
125,EH3-5,6355272620,ROUND,2.00,J,I1,EX,EX,EX,NON,,,8.04,8.1,5,62,59,None,GIA,STK,100%,Not brown,Not green,,-5.00%,9120.00,4560.00,,,,https://nivoda-images.s3.eu-west-2.amazonaws.com/pdf/6355272620.pdf,,,African star (hk) ltd,HK,Y,f6e0efcb-9b29-42a6-9721-b7322986b542,,,
126,EH3-30,7358502854,ROUND,1.01,G,I1,VG,EX,EX,MED,Blue,,6.39,6.42,3.98,62.2,59,None,GIA,MED to STK,100%,Not brown,Not green,,-45.00%,2166.45,2145.00,,,,https://nivoda-images.s3.eu-west-2.amazonaws.com/pdf/7358502854.pdf,,,African star (hk) ltd,HK,Y,f6e0efcb-9b29-42a6-9721-b7322986b542,,,
127,EH3-11B,1357586757,ROUND,0.35,K,SI1,EX,EX,EX,STG,Blue,,4.48,4.51,2.84,63.2,55,None,GIA,STK,100%,Not brown,Not green,,-49.91%,210.38,601.09,,,,https://nivoda-images.s3.eu-west-2.amazonaws.com/pdf/1357586757.pdf,,,African star (hk) ltd,HK,Y,f6e0efcb-9b29-42a6-9721-b7322986b542,,,
128,EH3-43,1355621372,ROUND,0.70,K,SI1,VG,EX,VG,FNT,,,5.55,5.6,3.59,64.3,57,None,GIA,STK to THK,100%,Not brown,Not green,,-47.00%,853.30,1219.00,,,,https://nivoda-images.s3.eu-west-2.amazonaws.com/pdf/1355621372.pdf,,,African star (hk) ltd,HK,Y,f6e0efcb-9b29-42a6-9721-b7322986b542,,,
129,EH3-47,1359585954,ROUND,0.53,M,VS1,EX,EX,EX,FNT,,,5.2,5.23,3.18,60.9,58,None,GIA,MED to STK,100%,Not brown,Not green,,-38.00%,525.76,992.00,,,,https://nivoda-images.s3.eu-west-2.amazonaws.com/pdf/1359585954.pdf,,,African star (hk) ltd,HK,Y,f6e0efcb-9b29-42a6-9721-b7322986b542,,,
130,EH3-31,2356587369,ROUND,0.61,K Faint Brown,VS1,EX,EX,EX,NON,,,5.49,5.51,3.35,61,59,None,GIA,MED to STK,100%,,,,-45.00%,671.00,1100.00,,,,https://nivoda-images.s3.eu-west-2.amazonaws.com/pdf/2356587369.pdf,,,African star (hk) ltd,HK,Y,f6e0efcb-9b29-42a6-9721-b7322986b542,,,
131,EH3-73,3355586069,ROUND,0.52,J,SI1,EX,EX,EX,NON,,,5.14,5.15,3.2,62.3,56,None,GIA,MED,100%,Not brown,Not green,,-38.00%,709.28,1364.00,,,,https://nivoda-images.s3.eu-west-2.amazonaws.com/pdf/3355586069.pdf,,,African star (hk) ltd,HK,Y,f6e0efcb-9b29-42a6-9721-b7322986b542,,,
132,EH3-41A,5356621190,ROUND,0.51,G,I1,EX,EX,EX,NON,,,5.1,5.12,3.19,62.4,58,None,GIA,MED to STK,100%,Not brown,Not green,,-39.00%,559.98,1098.00,,,,https://nivoda-images.s3.eu-west-2.amazonaws.com/pdf/5356621190.pdf,,,African star (hk) ltd,HK,Y,f6e0efcb-9b29-42a6-9721-b7322986b542,,,
133,EH3-84A,7356621019,ROUND,0.50,J,I1,VG,EX,VG,FNT,,,5.09,5.11,3.04,59.6,63,None,GIA,STK to THK,100%,Not brown,Not green,,-45.00%,385.00,770.00,,,,https://nivoda-images.s3.eu-west-2.amazonaws.com/pdf/7356621019.pdf,,,African star (hk) ltd,HK,Y,f6e0efcb-9b29-42a6-9721-b7322986b542,,,
134,TV-6,6352681287,ROUND,2.03,J,I1,EX,EX,EX,NON,,,8.06,8.11,5.05,62.4,57,None,GIA,MED to STK,100%,Not brown,Not green,,-4.91%,9265.57,4564.32,,,,https://nivoda-images.s3.eu-west-2.amazonaws.com/pdf/6352681287.pdf,,,African star (hk) ltd,HK,Y,f6e0efcb-9b29-42a6-9721-b7322986b542,,,
135,TV-2B,6355681281,ROUND,3.05,E,SI2,EX,EX,EX,NON,,,9.23,9.27,5.74,62.1,59,None,GIA,MED to STK,100%,Not brown,Not green,,-29.91%,34203.92,11214.40,,,,https://nivoda-images.s3.eu-west-2.amazonaws.com/pdf/6355681281.pdf,,,African star (hk) ltd,HK,Y,f6e0efcb-9b29-42a6-9721-b7322986b542,,,
136,DM2-1A,2356227836,PEAR,0.30,Very Light Pink,SI2,-,VG,G,NON,,,6.44,3.76,2.24,59.7,59,None,GIA,STK to VTK,,Not brown,Not green,,0.00%,1200.00,4000.00,,,,https://nivoda-images.s3.eu-west-2.amazonaws.com/pdf/2356227836.pdf,,,African star (hk) ltd,HK,Y,f6e0efcb-9b29-42a6-9721-b7322986b542,,,
137,EH3-71,7358678099,ROUND,0.50,K Faint Brown,SI2,EX,EX,EX,FNT,,,5.07,5.1,3.14,61.8,56,None,GIA,MED to STK,100%,,,,-54.00%,414.00,828.00,,,,https://nivoda-images.s3.eu-west-2.amazonaws.com/pdf/7358678099.pdf,,,African star (hk) ltd,HK,Y,f6e0efcb-9b29-42a6-9721-b7322986b542,,,
138,EJ-4A,2356691294,ROUND,0.30,E,VS2,EX,EX,EX,STG,Blue,,4.29,4.31,2.69,62.5,56,None,GIA,MED to STK,100%,Not brown,Not green,,-42.00%,400.20,1334.00,,,,https://nivoda-images.s3.eu-west-2.amazonaws.com/pdf/2356691294.pdf,,,African star (hk) ltd,HK,Y,f6e0efcb-9b29-42a6-9721-b7322986b542,,,
139,EH3-85A,2357678104,ROUND,0.40,J,VVS2,EX,EX,EX,MED,Blue,,4.7,4.73,2.95,62.5,57,None,GIA,MED to STK,100%,Not brown,Not green,,-46.00%,410.40,1026.00,,,,https://nivoda-images.s3.eu-west-2.amazonaws.com/pdf/2357678104.pdf,,,African star (hk) ltd,HK,Y,f6e0efcb-9b29-42a6-9721-b7322986b542,,,
140,EH3-1B,7356691154,PEAR,0.50,H,VS2,-,EX,G,NON,,,6.97,4.38,2.55,58.3,65,None,GIA,STK to ETK,100%,Not brown,Not green,,-40.00%,630.00,1260.00,,,,https://nivoda-images.s3.eu-west-2.amazonaws.com/pdf/7356691154.pdf,,,African star (hk) ltd,HK,Y,f6e0efcb-9b29-42a6-9721-b7322986b542,,,
141,TV-2,5356681286,ROUND,3.01,E,VS1,EX,EX,EX,NON,,,9.36,9.38,5.6,59.7,59,None,GIA,STK,100%,Not brown,Not green,,-39.91%,55165.62,18327.45,,,,https://nivoda-images.s3.eu-west-2.amazonaws.com/pdf/5356681286.pdf,,,African star (hk) ltd,HK,Y,f6e0efcb-9b29-42a6-9721-b7322986b542,,,
142,niv13,1355247359,ROUND,0.38,G,SI1,EX,EX,EX,NON,,,4.60,4.58,2.91,63.4,56,NON,GIA,MED to STK,,,,,-31.89%,440.00,1157.89,,,https://nivoda-images.s3.eu-west-2.amazonaws.com/8200f7a2-58d9-4860-be48-caa46a4d9476.jpg,,,,NIVODA LIMITED,GB,N,3be11e6e-27a6-44fa-bf16-2989d86c8920,,,
143,niv10,2215022160,ROUND,0.38,H,SI2,EX,EX,EX,MED,Blue,,4.62,4.59,2.88,62.5,57,NON,GIA,MED to STK,,,,,-42.11%,330.00,868.42,,,https://nivoda-images.s3.eu-west-2.amazonaws.com/71561e91-2dfd-4fd8-946a-2a5f4310bbfc.jpg,,,,NIVODA LIMITED,GB,N,3be11e6e-27a6-44fa-bf16-2989d86c8920,,,
144,niv14,1357593548,ROUND,0.40,G,SI1,VG,EX,VG,NON,,,4.61,4.57,2.96,64.5,57,NON,GIA,STK to THK,,,,,-37.50%,500.00,1250.00,,,https://nivoda-images.s3.eu-west-2.amazonaws.com/344e41f8-5837-4813-9305-abf12790a8b0.jpg,,,,NIVODA LIMITED,GB,N,3be11e6e-27a6-44fa-bf16-2989d86c8920,,,
145,niv11,1359507313,ROUND,0.37,G,SI1,EX,EX,EX,NON,,,4.59,4.59,2.80,61.1,60,NON,GIA,MED to STK,,,,,-30.05%,440.00,1189.19,,,https://nivoda-images.s3.eu-west-2.amazonaws.com/fb93102e-04b5-470f-ad02-5e3af7b89939.jpg,,,,NIVODA LIMITED,GB,N,3be11e6e-27a6-44fa-bf16-2989d86c8920,,,
146,niv9,2215022666,ROUND,0.38,G,SI1,EX,EX,VG,NON,,,4.63,4.58,2.90,62.9,55,NON,GIA,MED to STK,,,,,-33.44%,430.00,1131.58,,,https://nivoda-images.s3.eu-west-2.amazonaws.com/bb82099f-18c3-47aa-962e-5dc9cbd4cfc8.jpg,,,,NIVODA LIMITED,GB,N,3be11e6e-27a6-44fa-bf16-2989d86c8920,,,
147,niv4,2296603413,ROUND,1.00,H,VS1,F,EX,EX,NON,,,6.00,5.96,4.13,69.0,56,NON,GIA,VTK to ETK,100%,,,,-57.43%,3150.00,3150.00,,,https://nivoda-images.s3.eu-west-2.amazonaws.com/8ec7d92a-066f-42d8-8909-e46980580ceb.jpg,https://www.laxmidiamond.com/certifiedstone/certificate/LD18066026.pdf,,,NIVODA LIMITED,GB,N,3be11e6e-27a6-44fa-bf16-2989d86c8920,,,
148,niv1,5313060693,ROUND,0.40,H,SI2,VG,EX,VG,NON,,,4.71,4.68,2.93,62.4,58,NON,GIA,STK to THK,,,,,-44.12%,380.00,950.00,,,https://nivoda-images.s3.eu-west-2.amazonaws.com/2d6e84cd-7fc8-4d7d-8f6f-dae6bc13ad1b.jpg,https://bsweb.s3.amazonaws.com/Media_Files/Certificate/5313060693.pdf,,,NIVODA LIMITED,GB,N,3be11e6e-27a6-44fa-bf16-2989d86c8920,,,
149,niv5,3345236071,MARQUISE,0.71,E,VVS2,-,EX,EX,FNT,,,8.83,4.68,2.91,62.3,55,NON,GIA,STK to THK,100%,,,,-43.02%,1780.00,2507.04,https://loupe360.com/diamond/3345236071/video/500/500,128,https://nivoda-images.s3.eu-west-2.amazonaws.com/ac958477-12c9-45e9-83b4-622e4336aa7f.jpg,https://diamond.ankitgems.com:4443/CERTIMG/3345236071.JPG,,,NIVODA LIMITED,GB,N,3be11e6e-27a6-44fa-bf16-2989d86c8920,,,
150,niv8,2356535614,ROUND,0.35,H,SI2,EX,EX,EX,NON,,,4.59,4.62,2.72,59,60,None,GIA,MED to STK,,,,,-42.86%,300.00,857.14,,,https://nivoda-images.s3.eu-west-2.amazonaws.com/49f16bd4-c76d-42fa-b267-af31fbf12c7b.jpg,https://nivoda-images.s3.eu-west-2.amazonaws.com/pdf/2356535614.pdf,,,NIVODA LIMITED,GB,N,3be11e6e-27a6-44fa-bf16-2989d86c8920,,,
151,niv18,6295580756,ROUND,0.50,G,SI2,EX,EX,EX,NON,,,5.03,5.07,3.15,62.4,57,None,GIA,STK,,,,,-41.67%,700.00,1400.00,,,,https://nivoda-images.s3.eu-west-2.amazonaws.com/pdf/6295580756.pdf,,,NIVODA LIMITED,GB,N,3be11e6e-27a6-44fa-bf16-2989d86c8920,,,
152,niv3,5346038558,ROUND,0.62,E,VS2,EX,EX,EX,NON,,,5.56,5.54,3.32,59.8,60,NON,GIA,MED to STK,,,,,-28.32%,1600.00,2580.65,https://loupe360.com/diamond/5346038558/video/500/500,128,https://nivoda-images.s3.eu-west-2.amazonaws.com/be57304b-ca04-4330-bb6a-dc974cbfe58b.jpg,https://www.laxmidiamond.com/certifiedstone/certificate/LD19109199.pdf,,,NIVODA LIMITED,GB,N,3be11e6e-27a6-44fa-bf16-2989d86c8920,,,
153,niv7,6345652915,ROUND,0.70,G,SI2,VG,EX,VG,NON,,,5.49,5.55,3.56,64.5,59,None,GIA,MED to THK,,,,,-49.31%,1100.00,1571.43,,,https://nivoda-images.s3.eu-west-2.amazonaws.com/7bf98082-8318-4967-b2ad-210a2c08d63f.jpg,https://nivoda-images.s3.eu-west-2.amazonaws.com/pdf/6345652915.pdf,,,NIVODA LIMITED,GB,N,3be11e6e-27a6-44fa-bf16-2989d86c8920,,,
154,niv16,7351519875,ROUND,0.37,G,SI1,EX,VG,EX,FNT,,,4.59,4.55,2.84,62.2,57,NON,GIA,MED to STK,,,,,-41.18%,370.00,1000.00,,,https://nivoda-images.s3.eu-west-2.amazonaws.com/23737e54-b22e-414d-8c2a-488779478a96.jpg,,,,NIVODA LIMITED,GB,N,3be11e6e-27a6-44fa-bf16-2989d86c8920,,,
155,848748,10528436,OVAL,3.01,D,IF,-,VG,G,MED,Blue,,11.67,7.9,4.89,61.9,65,Very Small,GIA,VTN to VTK,100%,,,,-59.52%,53000.00,17607.97,,,https://nivoda-images.s3.eu-west-2.amazonaws.com/7540ede2-b4c1-46ec-843f-b106fd5b080e.jpg,https://nivoda-images.s3.eu-west-2.amazonaws.com/pdf/10528436.pdf,,,NIVODA LIMITED,GB,N,3be11e6e-27a6-44fa-bf16-2989d86c8920,,,
156,215668,6193447152,ROUND,3.50,I,VS1,VG,VG,VG,NON,,,9.88,10.03,5.81,58.4,62,None,GIA,THN to STK,100%,,,,-44.64%,31000.00,8857.14,,,,https://nivoda-images.s3.eu-west-2.amazonaws.com/pdf/6193447152.pdf,,,NIVODA LIMITED,GB,N,3be11e6e-27a6-44fa-bf16-2989d86c8920,,,
157,TV-2C,6352681173,ROUND,1.00,D,SI2,EX,EX,EX,NON,,,6.49,6.53,3.88,59.6,60,None,GIA,MED to STK,100%,Not brown,Not green,,-39.91%,3905.85,3905.85,,,,https://nivoda-images.s3.eu-west-2.amazonaws.com/pdf/6352681173.pdf,,,African star (hk) ltd,HK,Y,f6e0efcb-9b29-42a6-9721-b7322986b542,,,
158,TV-5A,6352681187,ROUND,1.00,E,I2,VG,EX,VG,NON,,,6.31,6.34,3.99,63.1,57,Medium,GIA,MED to THK,100%,Not brown,Not green,,-2.91%,2330.16,2330.16,,,,https://nivoda-images.s3.eu-west-2.amazonaws.com/pdf/6352681187.pdf,,,African star (hk) ltd,HK,Y,f6e0efcb-9b29-42a6-9721-b7322986b542,,,
159,EI-20A,1358688425,PEAR,0.70,F,VVS1,-,EX,VG,NON,,,8.03,5.15,2.78,54,68,None,GIA,THK to VTK,100%,Not brown,Not green,,-45.00%,1694.00,2420.00,,,,https://nivoda-images.s3.eu-west-2.amazonaws.com/pdf/1358688425.pdf,,,African star (hk) ltd,HK,Y,f6e0efcb-9b29-42a6-9721-b7322986b542,,,
160,EH3-51,1358687689,PEAR,1.00,M,SI1,-,EX,G,FNT,,,8.35,5.54,3.56,64.4,55,None,GIA,STK to VTK,100%,Not brown,Not green,,-46.00%,1080.00,1080.00,,,,https://nivoda-images.s3.eu-west-2.amazonaws.com/pdf/1358687689.pdf,,,African star (hk) ltd,HK,Y,f6e0efcb-9b29-42a6-9721-b7322986b542,,,
161,EH3-86,2357688514,ROUND,0.40,J,VS2,EX,EX,EX,MED,Blue,,4.72,4.75,2.95,62.3,55,None,GIA,MED to STK,100%,Not brown,Not green,,-43.00%,387.60,969.00,,,,https://nivoda-images.s3.eu-west-2.amazonaws.com/pdf/2357688514.pdf,,,African star (hk) ltd,HK,Y,f6e0efcb-9b29-42a6-9721-b7322986b542,,,
162,EH3-39,5353688525,OVAL,0.80,J,SI2,-,EX,VG,FNT,,,6.99,5.26,3.36,63.9,55,None,GIA,STK to VTK,100%,Not brown,Not green,,-31.00%,1104.00,1380.00,,,,https://nivoda-images.s3.eu-west-2.amazonaws.com/pdf/5353688525.pdf,,,African star (hk) ltd,HK,Y,f6e0efcb-9b29-42a6-9721-b7322986b542,,,
163,EL-4,5353687937,ROUND,2.00,H,SI1,EX,EX,EX,NON,,,8.11,8.15,4.96,61,58,None,GIA,MED to STK,100%,Not brown,Not green,,-36.00%,13440.00,6720.00,,,,https://nivoda-images.s3.eu-west-2.amazonaws.com/pdf/5353687937.pdf,,,African star (hk) ltd,HK,Y,f6e0efcb-9b29-42a6-9721-b7322986b542,,,
164,EH3-64,3355687705,PEAR,1.00,H,SI2,-,EX,VG,FNT,,,8.96,5.23,3.49,66.7,55,None,GIA,STK to VTK,100%,Not brown,Not green,,-46.00%,2322.00,2322.00,,,,https://nivoda-images.s3.eu-west-2.amazonaws.com/pdf/3355687705.pdf,,,African star (hk) ltd,HK,Y,f6e0efcb-9b29-42a6-9721-b7322986b542,,,
165,EI-6A,6351687719,HEART,1.02,E,SI1,-,EX,VG,NON,,,6.24,7.12,3.89,54.6,58,None,GIA,MED to THK,100%,Not brown,Not green,,-48.00%,3023.28,2964.00,,,,https://nivoda-images.s3.eu-west-2.amazonaws.com/pdf/6351687719.pdf,,,African star (hk) ltd,HK,Y,f6e0efcb-9b29-42a6-9721-b7322986b542,,,
166,EH3-66A,6351688435,PEAR,0.79,K,SI1,-,VG,G,NON,,,8.18,5.21,3.05,58.5,57,Small,GIA,VTN to VTK,100%,Not brown,Not green,,-40.00%,758.40,960.00,,,,https://nivoda-images.s3.eu-west-2.amazonaws.com/pdf/6351688435.pdf,,,African star (hk) ltd,HK,Y,f6e0efcb-9b29-42a6-9721-b7322986b542,,,
167,AST-OM47,7352272715,ROUND,2.60,G,VS2,EX,EX,EX,STG,Blue,,8.87,8.93,5.41,60.8,60,None,GIA,MED to STK,100%,Not brown,Not green,,-35.00%,22815.00,8775.00,,,,https://nivoda-images.s3.eu-west-2.amazonaws.com/pdf/7352272715.pdf,,,African star (hk) ltd,HK,Y,f6e0efcb-9b29-42a6-9721-b7322986b542,,,
168,EH3-38,6352688404,PEAR,0.75,L,VS2,-,EX,EX,MED,Blue,,7.99,5.26,3.13,59.5,59,None,GIA,MED to THK,100%,Not brown,Not green,,-39.00%,732.00,976.00,,,,https://nivoda-images.s3.eu-west-2.amazonaws.com/pdf/6352688404.pdf,,,African star (hk) ltd,HK,Y,f6e0efcb-9b29-42a6-9721-b7322986b542,,,
169,TV-3B,1353680997,PEAR,0.36,D,SI2,-,G,VG,MED,Blue,,6.37,4.02,2.38,59.2,59,None,GIA,STK to VTK,,,,,-44.91%,297.49,826.36,,,,https://nivoda-images.s3.eu-west-2.amazonaws.com/pdf/1353680997.pdf,,,African star (hk) ltd,HK,Y,f6e0efcb-9b29-42a6-9721-b7322986b542,,,
170,DR1-2,7343302924,ROUND,2.01,G,SI2,EX,EX,EX,NON,,,8.13,8.10,4.99,61.5,57,NON,GIA,MED to STK,100%,Not brown,Not green,,-35.00%,12542.40,6240.00,,,https://nivoda-images.s3.eu-west-2.amazonaws.com/8a4f89a3-4595-4aa2-9e7b-0762c488d219.jpg,https://www.gia.edu/report-check?reportno=7343302924,,,African star (hk) ltd,HK,Y,f6e0efcb-9b29-42a6-9721-b7322986b542,,,
171,TVDD2-1,2357729405,ROUND,3.01,E,SI1,EX,EX,EX,NON,,,9.32,9.38,5.64,60.3,60,None,GIA,MED to STK,100%,Not brown,Not green,,-35.91%,37617.63,12497.55,,,,https://nivoda-images.s3.eu-west-2.amazonaws.com/pdf/2357729405.pdf,,,African star (hk) ltd,HK,Y,f6e0efcb-9b29-42a6-9721-b7322986b542,,,
172,TVDD3-2,3355729495,PEAR,0.80,G,SI1,-,EX,EX,NON,,,8.34,5.31,3.03,57.1,59,None,GIA,STK to VTK,100%,Not brown,Not green,,-27.91%,1845.50,2306.88,,,,https://nivoda-images.s3.eu-west-2.amazonaws.com/pdf/3355729495.pdf,,,African star (hk) ltd,HK,Y,f6e0efcb-9b29-42a6-9721-b7322986b542,,,
173,TV-1,6352729383,HEART,3.50,D,VS1,-,EX,EX,NON,,,9.36,10.57,6,56.7,57,None,GIA,STK to VTK,100%,Not brown,Not green,,-27.91%,66863.47,19103.85,,,,https://nivoda-images.s3.eu-west-2.amazonaws.com/pdf/6352729383.pdf,,,African star (hk) ltd,HK,Y,f6e0efcb-9b29-42a6-9721-b7322986b542,,,
174,TV-8B,3355729567,ROUND,0.70,K Faint Brown,VVS1,VG,VG,G,NON,,,5.56,5.61,3.5,62.6,58,Small,GIA,STK to THK,100%,Not brown,Not green,,-49.91%,981.76,1402.51,,,,https://nivoda-images.s3.eu-west-2.amazonaws.com/pdf/3355729567.pdf,,,African star (hk) ltd,HK,Y,f6e0efcb-9b29-42a6-9721-b7322986b542,,,
175,TV-8A,7351729560,ROUND,0.73,L Faint Brown,IF,EX,EX,EX,NON,,,5.78,5.8,3.59,61.9,58,None,GIA,MED to STK,100%,Not brown,Not green,,-36.91%,1243.50,1703.42,,,,https://nivoda-images.s3.eu-west-2.amazonaws.com/pdf/7351729560.pdf,,,African star (hk) ltd,HK,Y,f6e0efcb-9b29-42a6-9721-b7322986b542,,,
176,TVDD4-2,7351729419,ROUND,1.01,G,SI2,EX,EX,EX,NON,,,6.34,6.39,4.03,63.4,57,None,GIA,MED to STK,100%,Not brown,Not green,,-37.91%,3511.81,3477.04,,,,https://nivoda-images.s3.eu-west-2.amazonaws.com/pdf/7351729419.pdf,,,African star (hk) ltd,HK,Y,f6e0efcb-9b29-42a6-9721-b7322986b542,,,
177,TV-3A,6351729381,PEAR,1.00,E,SI2,-,VG,VG,MED,Blue,,9.08,5.71,3.33,58.3,59,None,GIA,STK to THK,100%,Not brown,Not green,,-49.91%,2454.41,2454.41,,,,https://nivoda-images.s3.eu-west-2.amazonaws.com/pdf/6351729381.pdf,,,African star (hk) ltd,HK,Y,f6e0efcb-9b29-42a6-9721-b7322986b542,,,
178,AST-KH02,5326896715,EMERALD,3.01,E,VS2,-,EX,VG,NON,,,9.32,7.00,4.76,68.00,72.00,,GIA,,100%,Not brown,Not green,,-40.00%,38829.00,12900.00,,,https://nivoda-images.s3.eu-west-2.amazonaws.com/040900c6-348c-4376-87d7-2bcf3f86a0cd.jpg,,,,African star (hk) ltd,HK,Y,f6e0efcb-9b29-42a6-9721-b7322986b542,,,
179,AST-KH01,7303915636,OVAL,3.02,H,VVS1,-,EX,EX,NON,,,10.66,8.22,5.38,65.40,57.00,,GIA,,100%,Not brown,Not green,,-36.00%,37689.60,12480.00,,,https://nivoda-images.s3.eu-west-2.amazonaws.com/eef6015b-fbf3-447d-bcb1-34174f20ece4.jpg,,,,African star (hk) ltd,HK,Y,f6e0efcb-9b29-42a6-9721-b7322986b542,,,
180,DR4-3A,6341124387,PEAR,1.02,E,VVS1,-,EX,EX,NON,,,9.11,5.79,3.37,58.2,60,NON,GIA,STK to VTK,100%,Not brown,Not green,,-41.00%,5476.38,5369.00,,,https://nivoda-images.s3.eu-west-2.amazonaws.com/c7d946ff-9dbe-4b3d-b445-cdb38c23c794.jpg,http://s3.amazonaws.com/rap.certs/Gia/Certificates/2019/11/20/6341124387.pdf,,,African star (hk) ltd,HK,Y,f6e0efcb-9b29-42a6-9721-b7322986b542,,,
181,EH3-42A,1357586776,ROUND,0.36,G,VS1,VG,VG,EX,NON,,,4.5,4.52,2.86,63.4,56,None,GIA,MED to STK,100%,Not brown,Not green,,-30.00%,554.40,1540.00,,,,https://nivoda-images.s3.eu-west-2.amazonaws.com/pdf/1357586776.pdf,,,African star (hk) ltd,HK,Y,f6e0efcb-9b29-42a6-9721-b7322986b542,,,
182,EL-2,1355760312,ROUND,2.01,F,VS1,EX,EX,EX,NON,,,8.16,8.19,4.9,59.9,61,Very Small,GIA,STK,100%,,,,-35.00%,22863.75,11375.00,,,,https://nivoda-images.s3.eu-west-2.amazonaws.com/pdf/1355760312.pdf,,,African star (hk) ltd,HK,Y,f6e0efcb-9b29-42a6-9721-b7322986b542,,,
183,EL-2D,1353760743,ROUND,1.50,E,SI1,EX,EX,EX,NON,,,7.33,7.37,4.52,61.5,58,None,GIA,MED to STK,,,,,-36.00%,9408.00,6272.00,,,,https://nivoda-images.s3.eu-west-2.amazonaws.com/pdf/1353760743.pdf,,,African star (hk) ltd,HK,Y,f6e0efcb-9b29-42a6-9721-b7322986b542,,,
184,EH3-50A,1358761457,ROUND,0.33,M,VS2,EX,EX,EX,FNT,,,4.39,4.42,2.74,62.2,58,None,GIA,MED to STK,100%,Not brown,Not green,,-37.00%,228.69,693.00,,,,https://nivoda-images.s3.eu-west-2.amazonaws.com/pdf/1358761457.pdf,,,African star (hk) ltd,HK,Y,f6e0efcb-9b29-42a6-9721-b7322986b542,,,
185,EJ-1,2356760305,OVAL,3.50,D,VS2,-,EX,VG,NON,,,11.91,8.57,5.17,60.4,62,None,GIA,STK to THK,,,,,-20.00%,65800.00,18800.00,,,,https://nivoda-images.s3.eu-west-2.amazonaws.com/pdf/2356760305.pdf,,,African star (hk) ltd,HK,Y,f6e0efcb-9b29-42a6-9721-b7322986b542,,,
186,EH3-45,2354761282,ROUND,0.35,I,VVS1,EX,EX,EX,NON,,,4.48,4.51,2.82,62.7,57,None,GIA,MED to STK,100%,Not brown,Not green,,-38.00%,434.00,1240.00,,,,https://nivoda-images.s3.eu-west-2.amazonaws.com/pdf/2354761282.pdf,,,African star (hk) ltd,HK,Y,f6e0efcb-9b29-42a6-9721-b7322986b542,,,
187,EJ-2B,2358761247,ROUND,0.90,G,SI2,EX,VG,EX,NON,,,6.18,6.21,3.84,62,54,None,GIA,THN to STK,100%,Not brown,Not green,,-39.00%,2415.60,2684.00,,,,https://nivoda-images.s3.eu-west-2.amazonaws.com/pdf/2358761247.pdf,,,African star (hk) ltd,HK,Y,f6e0efcb-9b29-42a6-9721-b7322986b542,,,
188,EJ-3K,5356760694,ROUND,1.00,F,VS1,VG,VG,VG,FNT,,,6.5,6.55,3.82,58.5,61,None,GIA,MED to STK,100%,Not brown,Not green,,-48.10%,4982.40,4982.40,,,,https://nivoda-images.s3.eu-west-2.amazonaws.com/pdf/5356760694.pdf,,,African star (hk) ltd,HK,Y,f6e0efcb-9b29-42a6-9721-b7322986b542,,,
189,EL-6,5353760772,ROUND,1.50,L,SI2,VG,VG,VG,MED,Blue,,7.17,7.23,4.55,63.2,61,None,GIA,STK to THK,100%,Not brown,Not green,,-43.00%,3249.00,2166.00,,,,https://nivoda-images.s3.eu-west-2.amazonaws.com/pdf/5353760772.pdf,,,African star (hk) ltd,HK,Y,f6e0efcb-9b29-42a6-9721-b7322986b542,,,
190,EH3-57,5353761267,ROUND,0.42,H,SI1,EX,EX,EX,NON,,,4.82,4.85,2.96,61.2,58,None,GIA,MED to STK,100%,Not brown,Not green,,-25.00%,598.50,1425.00,,,,https://nivoda-images.s3.eu-west-2.amazonaws.com/pdf/5353761267.pdf,,,African star (hk) ltd,HK,Y,f6e0efcb-9b29-42a6-9721-b7322986b542,,,
191,EJ-2C,5356760405,ROUND,2.01,H,SI2,EX,EX,EX,NON,,,8.11,8.14,4.95,60.9,60,None,GIA,STK,100%,Not brown,Not green,,-35.00%,12019.80,5980.00,,,,https://nivoda-images.s3.eu-west-2.amazonaws.com/pdf/5356760405.pdf,,,African star (hk) ltd,HK,Y,f6e0efcb-9b29-42a6-9721-b7322986b542,,,
192,EF3-25,6217082329,HEART,0.74,Fancy Brown-Pink,I3,-,VG,G,NON,,,5.2,6.1,3.35,54.9,60,None,GIA,VTK to ETK,,Not brown,Not green,,0.00%,1110.00,1500.00,,,,https://nivoda-images.s3.eu-west-2.amazonaws.com/pdf/6217082329.pdf,,,African star (hk) ltd,HK,Y,f6e0efcb-9b29-42a6-9721-b7322986b542,,,
193,EL-3A,6355760701,ROUND,1.01,D,SI2,EX,EX,EX,NON,,,6.42,6.46,4.02,62.4,57,None,GIA,MED to STK,100%,Not brown,Not green,,-33.00%,4398.55,4355.00,,,,https://nivoda-images.s3.eu-west-2.amazonaws.com/pdf/6355760701.pdf,,,African star (hk) ltd,HK,Y,f6e0efcb-9b29-42a6-9721-b7322986b542,,,
194,EH3-2A,6352761273,ROUND,0.36,G,VS1,EX,EX,EX,NON,,,4.53,4.55,2.85,62.9,57,None,GIA,MED to STK,100%,Not brown,Not green,,-28.00%,570.24,1584.00,,,,https://nivoda-images.s3.eu-west-2.amazonaws.com/pdf/6352761273.pdf,,,African star (hk) ltd,HK,Y,f6e0efcb-9b29-42a6-9721-b7322986b542,,,
195,EJ-7,7352760717,ROUND,1.50,H,I2,EX,EX,VG,NON,,,7.25,7.3,4.57,62.8,55,None,GIA,STK,100%,Not brown,Not green,,30.09%,4878.38,3252.25,,,,https://nivoda-images.s3.eu-west-2.amazonaws.com/pdf/7352760717.pdf,,,African star (hk) ltd,HK,Y,f6e0efcb-9b29-42a6-9721-b7322986b542,,,
196,TV-4E,1359729559,ROUND,0.33,G,SI2,EX,EX,EX,NON,,,4.4,4.41,2.76,62.6,57,None,GIA,MED to STK,100%,Not brown,Not green,,-37.91%,307.35,931.36,,,,https://nivoda-images.s3.eu-west-2.amazonaws.com/pdf/1359729559.pdf,,,African star (hk) ltd,HK,Y,f6e0efcb-9b29-42a6-9721-b7322986b542,,,
197,EH3-9A,6355270051,ROUND,0.41,J,VVS1,EX,VG,EX,NON,,,4.76,4.8,2.94,61.5,56,None,GIA,MED to STK,100%,Not brown,Not green,,-48.00%,426.40,1040.00,,,,https://nivoda-images.s3.eu-west-2.amazonaws.com/pdf/6355270051.pdf,,,African star (hk) ltd,HK,Y,f6e0efcb-9b29-42a6-9721-b7322986b542,,,
198,TV-5,7353788320,PEAR,2.01,F,VVS1,-,EX,EX,NON,,,10.52,7.01,4.33,61.8,63,None,GIA,THK to VTK,100%,Not brown,Not green,,-31.91%,21897.74,10894.40,,,,https://nivoda-images.s3.eu-west-2.amazonaws.com/pdf/7353788320.pdf,,,African star (hk) ltd,HK,Y,f6e0efcb-9b29-42a6-9721-b7322986b542,,,
199,TVDD7-2,2358729490,PEAR,0.50,D,VVS2,-,EX,VG,NON,,,6.67,4.31,2.76,64.1,60,None,GIA,VTK to ETK,100%,Not brown,Not green,,-44.91%,881.44,1762.88,,,,https://nivoda-images.s3.eu-west-2.amazonaws.com/pdf/2358729490.pdf,,,African star (hk) ltd,HK,Y,f6e0efcb-9b29-42a6-9721-b7322986b542,,,
200,TV-5C,1359780767,ROUND,0.32,E,SI1,EX,EX,EX,NON,,,4.38,4.4,2.75,62.6,57,None,GIA,MED to STK,,,,,-32.91%,407.91,1274.72,,,,https://nivoda-images.s3.eu-west-2.amazonaws.com/pdf/1359780767.pdf,,,African star (hk) ltd,HK,Y,f6e0efcb-9b29-42a6-9721-b7322986b542,,,
201,TV-5I,2354780740,ROUND,0.30,D,SI1,G,VG,F,NON,,,4.28,4.32,2.58,59.9,60,None,GIA,STK to VTK,100%,Not brown,Not green,,-48.91%,306.54,1021.80,,,,https://nivoda-images.s3.eu-west-2.amazonaws.com/pdf/2354780740.pdf,,,African star (hk) ltd,HK,Y,f6e0efcb-9b29-42a6-9721-b7322986b542,,,
202,EH3-67,1358688542,CUSHION MODIFIED,0.53,Very Light Pink,IF,-,VG,G,FNT,,,4.76,4.67,2.81,60.2,66,None,GIA,STK to THK,100%,,,,0.00%,3710.00,7000.00,,,,https://nivoda-images.s3.eu-west-2.amazonaws.com/pdf/1358688542.pdf,,,African star (hk) ltd,HK,Y,f6e0efcb-9b29-42a6-9721-b7322986b542,,,
203,DH2-22,2326868824,ROUND,0.90,J,SI1,VG,VG,G,MED,Blue,,6.13,6.18,3.82,62.1,59,None,GIA,MED to THK,100%,Not brown,Not green,,-54.00%,1573.20,1748.00,,,https://nivoda-images.s3.eu-west-2.amazonaws.com/19e8f639-9d90-4909-9f5f-950d1e95709b.jpg,https://nivoda-images.s3.eu-west-2.amazonaws.com/pdf/2326868824.pdf,,,African star (hk) ltd,HK,Y,f6e0efcb-9b29-42a6-9721-b7322986b542,,,
204,TVDD4-1,2356788311,HEART,3.15,J,VVS1,-,EX,EX,NON,,,8.94,10.12,6.01,59.4,61,None,GIA,MED to VTK,100%,Not brown,Not green,,-20.91%,28650.35,9095.35,,,,https://nivoda-images.s3.eu-west-2.amazonaws.com/pdf/2356788311.pdf,,,African star (hk) ltd,HK,Y,f6e0efcb-9b29-42a6-9721-b7322986b542,,,
205,TVDD1-2,1358788317,OVAL,1.50,E,IF,-,VG,VG,NON,,,9.08,6.58,3.76,57.2,56,None,GIA,THK to VTK,100%,Not brown,Not green,,-29.91%,14193.22,9462.15,,,,https://nivoda-images.s3.eu-west-2.amazonaws.com/pdf/1358788317.pdf,,,African star (hk) ltd,HK,Y,f6e0efcb-9b29-42a6-9721-b7322986b542,,,
206,TV-7B,5353788321,PEAR,1.09,I,IF,-,EX,VG,NON,,,9.34,5.87,3.3,56.3,60,None,GIA,THK to VTK,100%,Not brown,Not green,,-41.91%,3355.86,3078.77,,,,https://nivoda-images.s3.eu-west-2.amazonaws.com/pdf/5353788321.pdf,,,African star (hk) ltd,HK,Y,f6e0efcb-9b29-42a6-9721-b7322986b542,,,
207,DM1-12D,2336497368,PEAR,1.09,N,VVS1,-,EX,EX,FNT,,,9.3,5.83,3.5,60.2,56,None,GIA,STK to THK,100%,Not brown,Not green,,-43.66%,1473.85,1352.16,,,,https://nivoda-images.s3.eu-west-2.amazonaws.com/pdf/2336497368.pdf,,,African star (hk) ltd,HK,Y,f6e0efcb-9b29-42a6-9721-b7322986b542,,,
208,TVEE4-1,6355885751,PRINCESS,3.82,E,VS2,-,EX,EX,NON,,,8.77,8.67,6.22,71.8,72,None,GIA,MED to STK,100%,Not brown,Not green,,-27.91%,59207.52,15499.35,,,,https://nivoda-images.s3.eu-west-2.amazonaws.com/pdf/6355885751.pdf,,,African star (hk) ltd,HK,Y,f6e0efcb-9b29-42a6-9721-b7322986b542,,,
209,TV-9,7351885774,ROUND,3.02,D,SI2,EX,EX,EX,NON,,,9.2,9.26,5.73,62.1,58,None,GIA,MED to STK,100%,Not brown,Not green,,-25.91%,38037.81,12595.30,,,,https://nivoda-images.s3.eu-west-2.amazonaws.com/pdf/7351885774.pdf,,,African star (hk) ltd,HK,Y,f6e0efcb-9b29-42a6-9721-b7322986b542,,,
210,TVEE3-1,7358885753,PRINCESS,2.01,E,SI1,-,EX,EX,NON,,,7.11,7.05,5,71,71,None,GIA,STK,100%,Not brown,Not green,,-44.91%,12734.05,6335.35,,,,https://nivoda-images.s3.eu-west-2.amazonaws.com/pdf/7358885753.pdf,,,African star (hk) ltd,HK,Y,f6e0efcb-9b29-42a6-9721-b7322986b542,,,
211,EI-4A,6351334611,ROUND,1.03,I,VS2,EX,VG,EX,NON,,,6.54,6.56,3.94,60.2,59,None,GIA,MED to STK,100%,Not brown,Not green,,-38.00%,3895.46,3782.00,,,,https://nivoda-images.s3.eu-west-2.amazonaws.com/pdf/6351334611.pdf,,,African star (hk) ltd,HK,Y,f6e0efcb-9b29-42a6-9721-b7322986b542,,,
212,EL-1,1355687925,ROUND,2.01,D,SI2,EX,EX,VG,NON,,,8.09,8.15,4.96,61.1,59,None,GIA,STK,,Not brown,Not green,,-30.35%,16100.00,8009.95,,,,https://nivoda-images.s3.eu-west-2.amazonaws.com/pdf/1355687925.pdf,,,African star (hk) ltd,HK,Y,f6e0efcb-9b29-42a6-9721-b7322986b542,,,
213,EL-1B,1355720996,PEAR,0.50,D,VS2,-,EX,VG,NON,,,7.01,4.39,2.71,61.6,55,None,GIA,STK to THK,,,,,-47.00%,742.00,1484.00,,,,https://nivoda-images.s3.eu-west-2.amazonaws.com/pdf/1355720996.pdf,,,African star (hk) ltd,HK,Y,f6e0efcb-9b29-42a6-9721-b7322986b542,,,
214,EH3-44,1355502862,ROUND,1.00,N Very Light Brown,SI2,EX,EX,EX,FNT,,,6.37,6.42,4.03,62.9,53,None,GIA,MED to STK,,,,,-44.55%,1552.60,1552.60,,,,https://nivoda-images.s3.eu-west-2.amazonaws.com/pdf/1355502862.pdf,,,African star (hk) ltd,HK,Y,f6e0efcb-9b29-42a6-9721-b7322986b542,,,
215,EH3-21A,1353812738,ROUND,0.30,H,VVS1,EX,VG,VG,FNT,,,4.26,4.3,2.66,62.1,58,None,GIA,STK,100%,Not brown,Not green,,-42.00%,382.80,1276.00,,,,https://nivoda-images.s3.eu-west-2.amazonaws.com/pdf/1353812738.pdf,,,African star (hk) ltd,HK,Y,f6e0efcb-9b29-42a6-9721-b7322986b542,,,
216,EL-3H,1355812726,ROUND,0.30,D,SI2,EX,EX,EX,NON,,,4.27,4.3,2.68,62.7,56,None,GIA,MED to STK,100%,Not brown,Not green,,-25.00%,382.50,1275.00,,,,https://nivoda-images.s3.eu-west-2.amazonaws.com/pdf/1355812726.pdf,,,African star (hk) ltd,HK,Y,f6e0efcb-9b29-42a6-9721-b7322986b542,,,
217,EL-4A,1359721001,ROUND,0.30,E,VS2,VG,EX,EX,NON,,,4.24,4.25,2.69,63.3,57,None,GIA,MED to STK,100%,Not brown,Not green,,-39.00%,420.90,1403.00,,,,https://nivoda-images.s3.eu-west-2.amazonaws.com/pdf/1359721001.pdf,,,African star (hk) ltd,HK,Y,f6e0efcb-9b29-42a6-9721-b7322986b542,,,
218,EH3-133A,1357899210,ROUND,0.51,G,SI1,EX,EX,EX,NON,,,5.15,5.19,3.15,61,58,None,GIA,MED to STK,100%,Not brown,Not green,,-27.00%,1116.90,2190.00,,,,https://nivoda-images.s3.eu-west-2.amazonaws.com/pdf/1357899210.pdf,,,African star (hk) ltd,HK,Y,f6e0efcb-9b29-42a6-9721-b7322986b542,,,
219,EH3-88,1355898486,ROUND,0.40,I,SI1,EX,EX,EX,NON,,,4.71,4.74,2.95,62.5,57,None,GIA,MED to STK,,,,,-37.00%,453.60,1134.00,,,,https://nivoda-images.s3.eu-west-2.amazonaws.com/pdf/1355898486.pdf,,,African star (hk) ltd,HK,Y,f6e0efcb-9b29-42a6-9721-b7322986b542,,,
220,EJ-5,2356721007,ROUND,0.51,E,VVS1,EX,EX,EX,NON,,,5.15,5.17,3.14,60.8,58,None,GIA,MED to STK,100%,Not brown,Not green,,-29.00%,1774.29,3479.00,,,,https://nivoda-images.s3.eu-west-2.amazonaws.com/pdf/2356721007.pdf,,,African star (hk) ltd,HK,Y,f6e0efcb-9b29-42a6-9721-b7322986b542,,,
221,EH3-65,2354812563,ROUND,0.40,I,VS2,EX,EX,EX,FNT,,,4.7,4.72,2.96,62.9,57,None,GIA,MED to STK,100%,Not brown,Not green,,-42.00%,440.80,1102.00,,,,https://nivoda-images.s3.eu-west-2.amazonaws.com/pdf/2354812563.pdf,,,African star (hk) ltd,HK,Y,f6e0efcb-9b29-42a6-9721-b7322986b542,,,
222,EH3-90,1359812924,ROUND,0.50,K,SI1,EX,EX,EX,FNT,,,5.11,5.14,3.11,60.7,59,None,GIA,MED to STK,,,,,-44.00%,532.00,1064.00,,,,https://nivoda-images.s3.eu-west-2.amazonaws.com/pdf/1359812924.pdf,,,African star (hk) ltd,HK,Y,f6e0efcb-9b29-42a6-9721-b7322986b542,,,
223,EF1-6S,2356812689,PEAR,0.50,D,I1,-,VG,VG,NON,,,7.02,4.43,2.51,56.7,65,Very Small,GIA,STK to ETK,,,,,-31.00%,586.50,1173.00,,,,https://nivoda-images.s3.eu-west-2.amazonaws.com/pdf/2356812689.pdf,,,African star (hk) ltd,HK,Y,f6e0efcb-9b29-42a6-9721-b7322986b542,,,
224,EH3-82,2356812619,ROUND,0.40,N,SI1,EX,EX,EX,FNT,,,4.67,4.71,2.98,63.5,56,None,GIA,MED to STK,100%,Not brown,Not green,,-48.00%,228.80,572.00,,,,https://nivoda-images.s3.eu-west-2.amazonaws.com/pdf/2356812619.pdf,,,African star (hk) ltd,HK,Y,f6e0efcb-9b29-42a6-9721-b7322986b542,,,
225,EH3-101,2356898873,ROUND,0.41,I,VS2,EX,EX,EX,FNT,,,4.76,4.78,2.96,62.1,58,None,GIA,MED,100%,Not brown,Not green,,-42.00%,451.82,1102.00,,,,https://nivoda-images.s3.eu-west-2.amazonaws.com/pdf/2356898873.pdf,,,African star (hk) ltd,HK,Y,f6e0efcb-9b29-42a6-9721-b7322986b542,,,
226,EH3-1E,2356854137,PEAR,0.50,G,VS1,-,VG,VG,NON,,,7.02,4.41,2.75,62.2,51,None,GIA,MED to VTK,100%,,,,-34.00%,792.00,1584.00,,,,https://nivoda-images.s3.eu-west-2.amazonaws.com/pdf/2356854137.pdf,,,African star (hk) ltd,HK,Y,f6e0efcb-9b29-42a6-9721-b7322986b542,,,
227,EH3-92,2356852557,ROUND,0.70,H,SI2,EX,EX,EX,NON,,,5.71,5.76,3.48,60.6,60,None,GIA,STK,100%,Not brown,Not green,,-32.00%,1380.40,1972.00,,,,https://nivoda-images.s3.eu-west-2.amazonaws.com/pdf/2356852557.pdf,,,African star (hk) ltd,HK,Y,f6e0efcb-9b29-42a6-9721-b7322986b542,,,
228,EH1-24,5356364337,EMERALD,1.00,H,I1,-,EX,G,FNT,,,6.56,4.93,2.98,60.4,58,None,GIA,THK to VTK,,,,,-33.00%,1809.00,1809.00,,,,https://nivoda-images.s3.eu-west-2.amazonaws.com/pdf/5356364337.pdf,,,African star (hk) ltd,HK,Y,f6e0efcb-9b29-42a6-9721-b7322986b542,,,
229,EF3-16K,3355854150,PEAR,0.50,D,VS2,-,EX,VG,NON,,,7.16,4.43,2.78,62.9,58,None,GIA,MED to THK,,,,,-47.00%,742.00,1484.00,,,,https://nivoda-images.s3.eu-west-2.amazonaws.com/pdf/3355854150.pdf,,,African star (hk) ltd,HK,Y,f6e0efcb-9b29-42a6-9721-b7322986b542,,,
230,EH3-116,2356898998,ROUND,0.33,H,SI1,EX,EX,EX,STG,Blue,,4.39,4.42,2.74,62.3,58,None,GIA,MED to STK,100%,Not brown,Not green,,-43.00%,300.96,912.00,,,,https://nivoda-images.s3.eu-west-2.amazonaws.com/pdf/2356898998.pdf,,,African star (hk) ltd,HK,Y,f6e0efcb-9b29-42a6-9721-b7322986b542,,,
231,EL-3I,5356812609,ROUND,0.30,D,VVS1,EX,EX,EX,NON,,,4.31,4.34,2.64,61,57,None,GIA,MED,100%,Not brown,Not green,,-32.00%,612.00,2040.00,,,,https://nivoda-images.s3.eu-west-2.amazonaws.com/pdf/5356812609.pdf,,,African star (hk) ltd,HK,Y,f6e0efcb-9b29-42a6-9721-b7322986b542,,,
232,EH3-41,6351507510,ROUND,0.72,I,SI2,EX,EX,EX,NON,,,5.7,5.73,3.59,62.7,57,None,GIA,MED to STK,100%,Not brown,Not green,,-32.00%,1321.92,1836.00,,,,https://nivoda-images.s3.eu-west-2.amazonaws.com/pdf/6351507510.pdf,,,African star (hk) ltd,HK,Y,f6e0efcb-9b29-42a6-9721-b7322986b542,,,
233,EJ-4E,6351720985,PEAR,0.52,D,SI2,-,EX,VG,STG,Blue,,7.21,4.65,2.69,57.8,54,None,GIA,THN to STK,,,,,-41.00%,674.96,1298.00,,,,https://nivoda-images.s3.eu-west-2.amazonaws.com/pdf/6351720985.pdf,,,African star (hk) ltd,HK,Y,f6e0efcb-9b29-42a6-9721-b7322986b542,,,
234,EH3-13,6351461537,PEAR,1.03,L,SI1,-,EX,VG,STG,Blue,,8.91,5.53,3.52,63.6,57,None,GIA,STK to VTK,100%,Not brown,Not green,,-48.00%,1285.44,1248.00,,,,https://nivoda-images.s3.eu-west-2.amazonaws.com/pdf/6351461537.pdf,,,African star (hk) ltd,HK,Y,f6e0efcb-9b29-42a6-9721-b7322986b542,,,
235,EH3-48A,6351812679,ROUND,0.30,F,VVS2,EX,EX,EX,STG,Blue,,4.27,4.3,2.69,62.9,57,None,GIA,MED to STK,100%,Not brown,Not green,,-46.00%,405.00,1350.00,,,,https://nivoda-images.s3.eu-west-2.amazonaws.com/pdf/6351812679.pdf,,,African star (hk) ltd,HK,Y,f6e0efcb-9b29-42a6-9721-b7322986b542,,,
236,EJ-6A,6352812508,OVAL,0.50,E,SI2,-,EX,VG,NON,,,6.34,4.5,2.75,61.1,57,None,GIA,THN to THK,,,,,-39.00%,640.50,1281.00,,,,https://nivoda-images.s3.eu-west-2.amazonaws.com/pdf/6352812508.pdf,,,African star (hk) ltd,HK,Y,f6e0efcb-9b29-42a6-9721-b7322986b542,,,
237,EH2-3A,6351898917,PEAR,0.50,F,SI1,-,EX,G,NON,,,6.68,4.39,2.77,63.1,54,None,GIA,STK to VTK,,,,,-43.00%,627.00,1254.00,,,,https://nivoda-images.s3.eu-west-2.amazonaws.com/pdf/6351898917.pdf,,,African star (hk) ltd,HK,Y,f6e0efcb-9b29-42a6-9721-b7322986b542,,,
238,EH3-90A,6352812626,ROUND,0.30,I,VVS1,EX,EX,VG,FNT,,,4.25,4.27,2.66,62.5,57,None,GIA,MED to STK,100%,,,,-48.00%,312.00,1040.00,,,,https://nivoda-images.s3.eu-west-2.amazonaws.com/pdf/6352812626.pdf,,,African star (hk) ltd,HK,Y,f6e0efcb-9b29-42a6-9721-b7322986b542,,,
239,EI-18,6355507497,ROUND,0.71,H,VVS2,EX,EX,EX,NON,,,5.65,5.69,3.57,63,57,None,GIA,MED to STK,100%,Not brown,Not green,,-28.00%,2351.52,3312.00,,,,https://nivoda-images.s3.eu-west-2.amazonaws.com/pdf/6355507497.pdf,,,African star (hk) ltd,HK,Y,f6e0efcb-9b29-42a6-9721-b7322986b542,,,
240,EL-5,6352852479,ROUND,0.70,D,SI2,EX,EX,EX,FNT,,,5.64,5.69,3.56,62.9,56,None,GIA,MED to STK,100%,Not brown,Not green,,-40.00%,1554.00,2220.00,,,,https://nivoda-images.s3.eu-west-2.amazonaws.com/pdf/6352852479.pdf,,,African star (hk) ltd,HK,Y,f6e0efcb-9b29-42a6-9721-b7322986b542,,,
241,EL-3B,6352852462,ROUND,0.30,D,VS2,EX,EX,EX,NON,,,4.34,4.36,2.67,61.3,56,None,GIA,MED to STK,100%,Not brown,Not green,,-26.91%,526.25,1754.17,,,,https://nivoda-images.s3.eu-west-2.amazonaws.com/pdf/6352852462.pdf,,,African star (hk) ltd,HK,Y,f6e0efcb-9b29-42a6-9721-b7322986b542,,,
242,EH3-69,6355812617,ROUND,0.33,J,VS1,EX,EX,EX,NON,,,4.39,4.41,2.77,62.9,57,None,GIA,MED to STK,100%,Not brown,Not green,,-35.00%,343.20,1040.00,,,,https://nivoda-images.s3.eu-west-2.amazonaws.com/pdf/6355812617.pdf,,,African star (hk) ltd,HK,Y,f6e0efcb-9b29-42a6-9721-b7322986b542,,,
243,EF1-7M,6355732855,PEAR,0.51,F,VS2,-,EX,VG,NON,,,6.94,4.58,2.73,59.6,60,None,GIA,MED to STK,,,,,-39.00%,746.64,1464.00,,,,https://nivoda-images.s3.eu-west-2.amazonaws.com/pdf/6355732855.pdf,,,African star (hk) ltd,HK,Y,f6e0efcb-9b29-42a6-9721-b7322986b542,,,
244,EJ-7I,6355720999,ROUND,0.30,F,I1,EX,EX,EX,NON,,,4.35,4.36,2.62,60,57,None,GIA,MED to STK,100%,Not brown,Not green,,-33.00%,261.30,871.00,,,,https://nivoda-images.s3.eu-west-2.amazonaws.com/pdf/6355720999.pdf,,,African star (hk) ltd,HK,Y,f6e0efcb-9b29-42a6-9721-b7322986b542,,,
245,EH3-105,6355898481,ROUND,0.40,K Faint Brown,SI2,EX,EX,EX,FNT,,,4.82,4.85,2.86,59.1,59,None,GIA,MED,,,,,-39.00%,317.20,793.00,,,,https://nivoda-images.s3.eu-west-2.amazonaws.com/pdf/6355898481.pdf,,,African star (hk) ltd,HK,Y,f6e0efcb-9b29-42a6-9721-b7322986b542,,,
246,EH3-120,6355899072,ROUND,0.50,J,I1,EX,EX,EX,MED,Blue,,5.12,5.14,3.12,60.8,58,Very Small,GIA,STK,100%,Not brown,Not green,,-35.00%,455.00,910.00,,,,https://nivoda-images.s3.eu-west-2.amazonaws.com/pdf/6355899072.pdf,,,African star (hk) ltd,HK,Y,f6e0efcb-9b29-42a6-9721-b7322986b542,,,
247,EL-5A,6355824757,ROUND,1.03,E,I1,EX,EX,EX,FNT,,,6.48,6.52,4.04,62.1,55,None,GIA,MED,,,,,-36.00%,2834.56,2752.00,,,,https://nivoda-images.s3.eu-west-2.amazonaws.com/pdf/6355824757.pdf,,,African star (hk) ltd,HK,Y,f6e0efcb-9b29-42a6-9721-b7322986b542,,,
248,EL-6A,7351733248,ROUND,0.30,J,SI2,VG,VG,VG,MED,Blue,,4.27,4.3,2.71,63.4,52,None,GIA,VTN to THK,100%,Not brown,Not green,,-46.00%,210.60,702.00,,,,https://nivoda-images.s3.eu-west-2.amazonaws.com/pdf/7351733248.pdf,,,African star (hk) ltd,HK,Y,f6e0efcb-9b29-42a6-9721-b7322986b542,,,
249,EJ-5A,7353812494,PEAR,0.50,G,SI2,-,EX,VG,NON,,,6.53,4.39,2.75,62.8,59,None,GIA,VTK to ETK,,,,,-41.00%,560.50,1121.00,,,,https://nivoda-images.s3.eu-west-2.amazonaws.com/pdf/7353812494.pdf,,,African star (hk) ltd,HK,Y,f6e0efcb-9b29-42a6-9721-b7322986b542,,,
250,EI-8B,6355899109,ROUND,0.30,D,SI2,EX,EX,EX,NON,,,4.36,4.37,2.65,60.6,59,None,GIA,THN to MED,,,,,-26.00%,377.40,1258.00,,,,https://nivoda-images.s3.eu-west-2.amazonaws.com/pdf/6355899109.pdf,,,African star (hk) ltd,HK,Y,f6e0efcb-9b29-42a6-9721-b7322986b542,,,
251,EH3-22,7352502878,ROUND,1.01,M Faint Brown,I1,EX,EX,EX,STG,Blue,,6.46,6.48,3.89,60.2,60,Very Small,GIA,MED to STK,100%,Not brown,Not green,,-35.00%,1575.60,1560.00,,,,https://nivoda-images.s3.eu-west-2.amazonaws.com/pdf/7352502878.pdf,,,African star (hk) ltd,HK,Y,f6e0efcb-9b29-42a6-9721-b7322986b542,,,
252,EH2-3C,7353733370,PEAR,0.70,G,SI1,-,EX,VG,NON,,,7.46,4.83,3.18,65.9,60,None,GIA,VTK to ETK,100%,Not brown,Not green,,-46.00%,1209.60,1728.00,,,,https://nivoda-images.s3.eu-west-2.amazonaws.com/pdf/7353733370.pdf,,,African star (hk) ltd,HK,Y,f6e0efcb-9b29-42a6-9721-b7322986b542,,,
253,EH3-95,7353898496,ROUND,0.51,J,SI1,EX,EX,EX,STG,Blue,,5.13,5.16,3.18,61.8,56,None,GIA,THN to MED,,,,,-46.00%,605.88,1188.00,,,,https://nivoda-images.s3.eu-west-2.amazonaws.com/pdf/7353898496.pdf,,,African star (hk) ltd,HK,Y,f6e0efcb-9b29-42a6-9721-b7322986b542,,,
254,EH3-109,7356852444,ROUND,0.50,L,SI1,VG,EX,VG,FNT,,,5,5.06,3.2,63.6,57,None,GIA,THN to STK,,,,,-43.00%,456.00,912.00,,,,https://nivoda-images.s3.eu-west-2.amazonaws.com/pdf/7356852444.pdf,,,African star (hk) ltd,HK,Y,f6e0efcb-9b29-42a6-9721-b7322986b542,,,
255,EJ-5J,1355898883,PEAR,0.32,D,VVS2,-,EX,VG,NON,,,6.08,3.9,2.35,60.3,59,None,GIA,THN to THK,100%,,,,-41.00%,396.48,1239.00,,,,https://nivoda-images.s3.eu-west-2.amazonaws.com/pdf/1355898883.pdf,,,African star (hk) ltd,HK,Y,f6e0efcb-9b29-42a6-9721-b7322986b542,,,
256,EJ-4G,6352899122,ROUND,0.36,G,VVS2,EX,EX,EX,STG,Blue,,4.59,4.62,2.77,60.2,59,None,GIA,MED to STK,100%,Not brown,Not green,,-38.00%,513.36,1426.00,,,,https://nivoda-images.s3.eu-west-2.amazonaws.com/pdf/6352899122.pdf,,,African star (hk) ltd,HK,Y,f6e0efcb-9b29-42a6-9721-b7322986b542,,,
257,EJ-5H,6355899215,PEAR,0.36,G,SI2,-,EX,VG,NON,,,6.21,3.89,2.48,63.8,57,None,GIA,STK to THK,,,,,-33.00%,289.44,804.00,,,,https://nivoda-images.s3.eu-west-2.amazonaws.com/pdf/6355899215.pdf,,,African star (hk) ltd,HK,Y,f6e0efcb-9b29-42a6-9721-b7322986b542,,,
258,TV-9A,2356886339,ROUND,0.34,D,SI2,EX,EX,EX,NON,,,4.5,4.51,2.72,60.5,58,None,GIA,MED to STK,100%,Not brown,Not green,,-32.91%,387.78,1140.53,,,,https://nivoda-images.s3.eu-west-2.amazonaws.com/pdf/2356886339.pdf,,,African star (hk) ltd,HK,Y,f6e0efcb-9b29-42a6-9721-b7322986b542,,,
259,TV-12E,7356885722,ROUND,1.00,G,I1,VG,VG,VG,NON,,,6.25,6.33,4.03,64,59,None,GIA,MED to THK,100%,Not brown,Not green,,-37.91%,2421.51,2421.51,,,,https://nivoda-images.s3.eu-west-2.amazonaws.com/pdf/7356885722.pdf,,,African star (hk) ltd,HK,Y,f6e0efcb-9b29-42a6-9721-b7322986b542,,,
260,TVDD2-6,6352886327,ROUND,0.70,D,VS1,EX,EX,EX,NON,,,5.81,5.84,3.42,58.7,61,None,GIA,THN to MED,100%,Not brown,Not green,,-31.91%,2716.79,3881.13,,,,https://nivoda-images.s3.eu-west-2.amazonaws.com/pdf/6352886327.pdf,,,African star (hk) ltd,HK,Y,f6e0efcb-9b29-42a6-9721-b7322986b542,,,
261,EJ-5W,1353957655,PEAR,0.30,E,VS2,-,EX,G,NON,,,5.74,3.58,2.34,65.3,59,None,GIA,STK to VTK,,,,,-41.00%,283.20,944.00,,,,https://nivoda-images.s3.eu-west-2.amazonaws.com/pdf/1353957655.pdf,,,African star (hk) ltd,HK,Y,f6e0efcb-9b29-42a6-9721-b7322986b542,,,
262,EH3-144,1357957653,ROUND,0.40,H,SI1,EX,EX,EX,MED,Blue,,4.69,4.73,2.91,61.8,58,None,GIA,MED to STK,100%,Not brown,Not green,,-39.00%,463.60,1159.00,,,,https://nivoda-images.s3.eu-west-2.amazonaws.com/pdf/1357957653.pdf,,,African star (hk) ltd,HK,Y,f6e0efcb-9b29-42a6-9721-b7322986b542,,,
263,EI-5C,1353957698,ROUND,0.30,E,VS2,EX,EX,EX,NON,,,4.32,4.34,2.68,61.8,57,None,GIA,MED to STK,100%,Not brown,Not green,,-29.00%,489.90,1633.00,,,,https://nivoda-images.s3.eu-west-2.amazonaws.com/pdf/1353957698.pdf,,,African star (hk) ltd,HK,Y,f6e0efcb-9b29-42a6-9721-b7322986b542,,,
264,EH3-89,1353958294,ROUND,0.60,G,SI1,EX,EX,EX,MED,Blue,,5.38,5.4,3.38,62.6,56,None,GIA,MED to STK,100%,Not brown,Not green,,-41.00%,1062.00,1770.00,,,,https://nivoda-images.s3.eu-west-2.amazonaws.com/pdf/1353958294.pdf,,,African star (hk) ltd,HK,Y,f6e0efcb-9b29-42a6-9721-b7322986b542,,,
265,EJ-4K,2357957665,PEAR,0.30,D,SI1,-,EX,VG,STG,Blue,,5.78,3.81,2.31,60.6,60,None,GIA,STK to VTK,,,,,-46.00%,259.20,864.00,,,,https://nivoda-images.s3.eu-west-2.amazonaws.com/pdf/2357957665.pdf,,,African star (hk) ltd,HK,Y,f6e0efcb-9b29-42a6-9721-b7322986b542,,,
266,EH3-127A,5356957673,ROUND,0.30,H,SI2,EX,VG,VG,NON,,,4.33,4.36,2.61,60.2,58,None,GIA,MED to STK,100%,Not brown,Not green,,-38.00%,279.00,930.00,,,,https://nivoda-images.s3.eu-west-2.amazonaws.com/pdf/5356957673.pdf,,,African star (hk) ltd,HK,Y,f6e0efcb-9b29-42a6-9721-b7322986b542,,,
267,EH3-107,2357957719,ROUND,0.41,F,SI1,EX,EX,EX,NON,,,4.8,4.81,2.91,60.5,59,None,GIA,MED to STK,100%,Not brown,Not green,,-29.00%,611.31,1491.00,,,,https://nivoda-images.s3.eu-west-2.amazonaws.com/pdf/2357957719.pdf,,,African star (hk) ltd,HK,Y,f6e0efcb-9b29-42a6-9721-b7322986b542,,,
268,EJ-1A,2356957669,ROUND,0.31,D,SI1,EX,EX,EX,NON,,,4.36,4.38,2.68,61.2,57,None,GIA,THN to MED,100%,Not brown,Not green,,-30.40%,431.52,1392.00,,,,https://nivoda-images.s3.eu-west-2.amazonaws.com/pdf/2356957669.pdf,,,African star (hk) ltd,HK,Y,f6e0efcb-9b29-42a6-9721-b7322986b542,,,
269,EH3-133,6352957672,ROUND,0.30,G,SI2,EX,EX,VG,NON,,,4.3,4.34,2.64,61,60,None,GIA,THN to MED,,,,,-37.00%,283.50,945.00,,,,https://nivoda-images.s3.eu-west-2.amazonaws.com/pdf/6352957672.pdf,,,African star (hk) ltd,HK,Y,f6e0efcb-9b29-42a6-9721-b7322986b542,,,
270,EJ-4D,6351958470,ROUND,0.30,I,VS2,EX,EX,EX,STG,Blue,,4.27,4.31,2.66,62,58,None,GIA,MED to STK,100%,Not brown,Not green,,-48.00%,265.20,884.00,,,,https://nivoda-images.s3.eu-west-2.amazonaws.com/pdf/6351958470.pdf,,,African star (hk) ltd,HK,Y,f6e0efcb-9b29-42a6-9721-b7322986b542,,,
271,EH3-127,5356957680,ROUND,0.30,I,VS2,EX,EX,EX,NON,,,4.29,4.31,2.68,62.3,56,None,GIA,MED,100%,Not brown,Not green,,-36.10%,325.89,1086.30,,,,https://nivoda-images.s3.eu-west-2.amazonaws.com/pdf/5356957680.pdf,,,African star (hk) ltd,HK,Y,f6e0efcb-9b29-42a6-9721-b7322986b542,,,
272,EH3-146,6352957644,ROUND,0.33,E,SI1,EX,EX,EX,NON,,,4.46,4.47,2.71,60.8,59,None,GIA,MED to STK,100%,Not brown,Not green,,-34.00%,413.82,1254.00,,,,https://nivoda-images.s3.eu-west-2.amazonaws.com/pdf/6352957644.pdf,,,African star (hk) ltd,HK,Y,f6e0efcb-9b29-42a6-9721-b7322986b542,,,
273,EL-2A,7358958149,PEAR,0.30,D,SI1,-,EX,VG,NON,,,5.91,3.86,2.16,56,58,None,GIA,STK to VTK,,,,,-34.00%,316.80,1056.00,,,,https://nivoda-images.s3.eu-west-2.amazonaws.com/pdf/7358958149.pdf,,,African star (hk) ltd,HK,Y,f6e0efcb-9b29-42a6-9721-b7322986b542,,,
274,TVEE2-1,2356976914,ROUND,2.01,E,SI1,EX,EX,EX,NON,,,8.27,8.31,4.83,58.3,61,None,GIA,THN to MED,100%,Not brown,Not green,,-36.91%,17119.47,8517.15,,,,https://nivoda-images.s3.eu-west-2.amazonaws.com/pdf/2356976914.pdf,,,African star (hk) ltd,HK,Y,f6e0efcb-9b29-42a6-9721-b7322986b542,,,
275,TV-10,2356977126,ROUND,2.03,F,SI1,EX,EX,EX,NON,,,8.08,8.11,5.06,62.5,57,None,GIA,MED,100%,Not brown,Not green,,-32.91%,17024.09,8386.25,,,,https://nivoda-images.s3.eu-west-2.amazonaws.com/pdf/2356977126.pdf,,,African star (hk) ltd,HK,Y,f6e0efcb-9b29-42a6-9721-b7322986b542,,,
276,TVDD6-2,1365020816,ROUND,0.31,D,VS2,EX,VG,EX,NON,,,4.33,4.36,2.7,62,57,None,GIA,MED to STK,100%,Not brown,Not green,,-39.91%,447.07,1442.16,,,,https://nivoda-images.s3.eu-west-2.amazonaws.com/pdf/1365020816.pdf,,,African star (hk) ltd,HK,Y,f6e0efcb-9b29-42a6-9721-b7322986b542,,,
277,TVEE1-2,1367021029,ROUND,0.40,E,VS2,EX,EX,EX,NON,,,4.69,4.71,2.93,62.4,60,None,GIA,MED to STK,100%,Not brown,Not green,,-30.91%,746.17,1865.42,,,,https://nivoda-images.s3.eu-west-2.amazonaws.com/pdf/1367021029.pdf,,,African star (hk) ltd,HK,Y,f6e0efcb-9b29-42a6-9721-b7322986b542,,,
278,TVEE3-5,5366020788,ROUND,0.40,E,SI2,EX,EX,EX,NON,,,4.68,4.72,2.97,63.1,56,None,GIA,STK,100%,Not brown,Not green,,-35.91%,487.08,1217.70,,,,https://nivoda-images.s3.eu-west-2.amazonaws.com/pdf/5366020788.pdf,,,African star (hk) ltd,HK,Y,f6e0efcb-9b29-42a6-9721-b7322986b542,,,
279,TVDD6-5,2364020801,ROUND,0.30,D,SI1,VG,EX,EX,NON,,,4.23,4.26,2.68,63.2,56,None,GIA,MED to STK,100%,Not brown,Not green,,-40.91%,354.54,1181.80,,,,https://nivoda-images.s3.eu-west-2.amazonaws.com/pdf/2364020801.pdf,,,African star (hk) ltd,HK,Y,f6e0efcb-9b29-42a6-9721-b7322986b542,,,
280,TV-10H,2366021812,ROUND,0.31,D,VVS2,VG,EX,EX,NON,,,4.31,4.33,2.73,63,56,None,GIA,STK,100%,Not brown,Not green,,-46.91%,460.82,1486.52,,,,https://nivoda-images.s3.eu-west-2.amazonaws.com/pdf/2366021812.pdf,,,African star (hk) ltd,HK,Y,f6e0efcb-9b29-42a6-9721-b7322986b542,,,
281,TVEE3-3,6365019848,OVAL,0.71,E,SI1,-,EX,VG,NON,,,7.38,5.15,3.05,59.4,59,None,GIA,MED to STK,100%,Not brown,Not green,,-36.91%,1612.58,2271.24,,,,https://nivoda-images.s3.eu-west-2.amazonaws.com/pdf/6365019848.pdf,,,African star (hk) ltd,HK,Y,f6e0efcb-9b29-42a6-9721-b7322986b542,,,
282,TVDD3-4,6361021161,ROUND,0.30,F,SI2,EX,EX,VG,NON,,,4.26,4.3,2.64,61.8,55,None,GIA,STK,100%,Not brown,Not green,,-40.91%,283.63,945.43,,,,https://nivoda-images.s3.eu-west-2.amazonaws.com/pdf/6361021161.pdf,,,African star (hk) ltd,HK,Y,f6e0efcb-9b29-42a6-9721-b7322986b542,,,
283,TVEE2-6,6351977634,ROUND,1.03,D,VS2,EX,EX,EX,NON,,,6.53,6.57,3.93,60,58,None,GIA,MED to STK,100%,Not brown,Not green,,-28.91%,7175.82,6966.82,,,,https://nivoda-images.s3.eu-west-2.amazonaws.com/pdf/6351977634.pdf,,,African star (hk) ltd,HK,Y,f6e0efcb-9b29-42a6-9721-b7322986b542,,,
284,TV-12D,6365021838,ROUND,0.30,F,VS2,EX,EX,EX,NON,,,4.27,4.29,2.66,62.2,57,None,GIA,MED to STK,100%,Not brown,Not green,,-29.91%,462.59,1541.97,,,,https://nivoda-images.s3.eu-west-2.amazonaws.com/pdf/6365021838.pdf,,,African star (hk) ltd,HK,Y,f6e0efcb-9b29-42a6-9721-b7322986b542,,,
285,TVDD8-3,7368019831,OVAL,0.70,D,VVS2,-,EX,VG,NON,,,6.93,5.01,3.1,61.8,62,None,GIA,STK to THK,100%,Not brown,Not green,,-38.91%,1967.10,2810.14,,,,https://nivoda-images.s3.eu-west-2.amazonaws.com/pdf/7368019831.pdf,,,African star (hk) ltd,HK,Y,f6e0efcb-9b29-42a6-9721-b7322986b542,,,
286,TV-4B,7368021723,PEAR,0.70,F,VS2,-,EX,EX,NON,,,7.78,5.02,2.96,59,61,None,GIA,THK to VTK,100%,Not brown,Not green,,-37.91%,1651.59,2359.41,,,,https://nivoda-images.s3.eu-west-2.amazonaws.com/pdf/7368021723.pdf,,,African star (hk) ltd,HK,Y,f6e0efcb-9b29-42a6-9721-b7322986b542,,,
287,TVEE2-3,7352885763,PEAR,2.02,E,VS2,-,EX,EX,NON,,,11.15,7.19,4.35,60.6,61,None,GIA,THK,100%,Not brown,Not green,,-31.91%,18568.14,9192.15,,,,https://nivoda-images.s3.eu-west-2.amazonaws.com/pdf/7352885763.pdf,,,African star (hk) ltd,HK,Y,f6e0efcb-9b29-42a6-9721-b7322986b542,,,
288,TV-2G,7351976797,MARQUISE,1.01,D,VS2,-,EX,VG,NON,,,10.57,5.23,3.25,62,60,None,GIA,STK to THK,100%,Not brown,Not green,,0.09%,7076.36,7006.30,,,,https://nivoda-images.s3.eu-west-2.amazonaws.com/pdf/7351976797.pdf,,,African star (hk) ltd,HK,Y,f6e0efcb-9b29-42a6-9721-b7322986b542,,,
289,TVDD6-4,1353976790,PEAR,1.00,D,SI1,-,EX,VG,NON,,,8.76,5.61,3.49,62.2,60,None,GIA,STK to VTK,100%,Not brown,Not green,,-39.91%,3605.40,3605.40,,,,https://nivoda-images.s3.eu-west-2.amazonaws.com/pdf/1353976790.pdf,,,African star (hk) ltd,HK,Y,f6e0efcb-9b29-42a6-9721-b7322986b542,,,
290,TV-4C,2366021742,PEAR,0.50,F,SI2,-,VG,EX,NON,,,6.92,4.47,2.69,60.3,61,None,GIA,STK to VTK,100%,Not brown,Not green,,-39.91%,600.90,1201.80,,,,https://nivoda-images.s3.eu-west-2.amazonaws.com/pdf/2366021742.pdf,,,African star (hk) ltd,HK,Y,f6e0efcb-9b29-42a6-9721-b7322986b542,,,
291,TV-1C,2367056557,PEAR,0.55,D,SI1,-,EX,VG,NON,,,7.36,4.7,2.73,58.1,61,None,GIA,STK to THK,100%,Not brown,Not green,,-39.91%,826.24,1502.25,,,,https://nivoda-images.s3.eu-west-2.amazonaws.com/pdf/2367056557.pdf,,,African star (hk) ltd,HK,Y,f6e0efcb-9b29-42a6-9721-b7322986b542,,,
292,TV-4,1355977413,OVAL,1.53,H,SI2,-,VG,EX,NON,,,9.26,6.6,3.84,58.2,60,None,GIA,STK to THK,100%,Not brown,Not green,,-27.91%,6728.16,4397.49,,,,https://nivoda-images.s3.eu-west-2.amazonaws.com/pdf/1355977413.pdf,,,African star (hk) ltd,HK,Y,f6e0efcb-9b29-42a6-9721-b7322986b542,,,
293,TVDD1-3,5363019821,MARQUISE,0.45,E,VVS2,-,EX,VG,NON,,,8.25,3.93,2.26,57.7,61,None,GIA,THK to ETK,100%,Not brown,Not green,,-39.91%,648.97,1442.16,,,,https://nivoda-images.s3.eu-west-2.amazonaws.com/pdf/5363019821.pdf,,,African star (hk) ltd,HK,Y,f6e0efcb-9b29-42a6-9721-b7322986b542,,,
294,TV-10E,3355977630,ROUND,1.06,E,SI1,EX,EX,EX,NON,,,6.55,6.58,4.03,61.5,60,None,GIA,STK,100%,Not brown,Not green,,-29.91%,5646.45,5326.84,,,,https://nivoda-images.s3.eu-west-2.amazonaws.com/pdf/3355977630.pdf,,,African star (hk) ltd,HK,Y,f6e0efcb-9b29-42a6-9721-b7322986b542,,,
295,TVDD1-1,5366030778,PEAR,5.03,G,VVS1,-,EX,EX,NON,,,15.23,9.59,5.66,59,58,None,GIA,STK to THK,100%,Not brown,Not green,,-34.91%,137509.13,27337.80,,,,https://nivoda-images.s3.eu-west-2.amazonaws.com/pdf/5366030778.pdf,,,African star (hk) ltd,HK,Y,f6e0efcb-9b29-42a6-9721-b7322986b542,,,
296,TVEE3-2,7352976814,PEAR,1.00,D,VS1,-,EX,VG,FNT,,,8.95,5.65,3.33,58.9,57,None,GIA,STK to THK,100%,Not brown,Not green,,-41.91%,4298.66,4298.66,,,,https://nivoda-images.s3.eu-west-2.amazonaws.com/pdf/7352976814.pdf,,,African star (hk) ltd,HK,Y,f6e0efcb-9b29-42a6-9721-b7322986b542,,,
297,TVEE1-4,2364033908,ROUND,1.00,E,SI1,EX,EX,EX,NON,,,6.35,6.38,3.92,61.6,61,None,GIA,STK,100%,Not brown,Not green,,-34.91%,4946.84,4946.84,,,,https://nivoda-images.s3.eu-west-2.amazonaws.com/pdf/2364033908.pdf,,,African star (hk) ltd,HK,Y,f6e0efcb-9b29-42a6-9721-b7322986b542,,,
