id,stock_id,ReportNo,shape,carats,col,clar,cut,pol,symm,flo,floCol,length,width,height,depth,table,culet,lab,girdle,eyeclean,brown,green,milky,actual_supplier,supplier_id,discount,price,price_per_carat,video,video_frames,image,pdf,mine_of_origin,canada_mark_eligble,supplier_name,location,is_returnable
1,LD200110653,6342807067,ROUND,0.3,E,VVS2,VG,EX,VG,NON,,4.22,4.24,2.64,62.3,62,None,GIA,THK,100%,Not brown,Not green,Not milky,Laxmi,523f5320-903b-4939-8f99-c88e0d49c77b,-41.00%,455,1516,,,https://nivoda-images.s3.eu-west-2.amazonaws.com/2178526c-dd89-48c9-920b-84ab7345ae84.jpg,https://nivoda-images.s3.eu-west-2.amazonaws.com/pdf/6342807067.pdf,,,,IN,N
1,LD200110224,7346786131,ROUND,0.55,D,VS2,EX,EX,EX,NON,,5.21,5.23,3.26,62.5,58,None,GIA,MED to STK,100%,Not brown,Not green,Not milky,Laxmi,523f5320-903b-4939-8f99-c88e0d49c77b,-37.00%,1350,2453.85,,,https://nivoda-images.s3.eu-west-2.amazonaws.com/416d8b32-fbfd-4a23-9197-1fc311493790.jpg,https://nivoda-images.s3.eu-west-2.amazonaws.com/pdf/7346786131.pdf,,,,IN,N
,G431-138852,6351185065,ROUND,0.5,H,SI2,EX,EX,VG,NON,,5.04,5.07,3.17,62.7,55,None,GIA,MED to STK,90%,Not brown,,,Shivam Jewels,30e7f681-ab85-4b0e-b046-c4b9abd2ef1e,-39.35%,727,1454.96,https://nivoda-images.s3.amazonaws.com/aHR0cHM6Ly9zandvcmxkaW1nLmF6dXJlZWRnZS5uZXQvc2ppbWcvaW1hZ2VzL1Zpc2lvbjM2MC5odG1sP2Q9RzQzMS0xMzg4NTI=,256,https://nivoda-images.s3.eu-west-2.amazonaws.com/12e84490-d27f-47f4-a25d-06871d017e0e.jpg,https://nivoda-images.s3.eu-west-2.amazonaws.com/pdf/6351185065.pdf,,,,IN,N
1,HK1436398,2356041115,ROUND,0.31,I,VS2,EX,EX,EX,FNT,,4.32,4.34,2.7,62.4,59,None,GIA,MED to STK,100%,,,Not milky,Hari Krishna,1d8066ed-4b96-490d-9dd5-e68a649fd592,-39.70%,348,1121.87,https://nivoda-images.s3.amazonaws.com/aHR0cHM6Ly9kaWFtYW50aS5zMy5hbWF6b25hd3MuY29tL3ZpZGVvL1Zpc2lvbjM2MC5odG1sP2Q9SEsxNDM2Mzk4,16,https://nivoda-images.s3.eu-west-2.amazonaws.com/15f5bb97-ac3a-4d44-98f1-6b8686b0e303.jpg,https://nivoda-images.s3.eu-west-2.amazonaws.com/pdf/2356041115.pdf,,,,HK,N
,HK1436104,2205881228,ROUND,0.31,I,SI2,EX,EX,EX,NON,,4.32,4.34,2.68,61.9,58,None,GIA,MED to STK,90%,,,Not milky,Hari Krishna,1d8066ed-4b96-490d-9dd5-e68a649fd592,-40.14%,290,934.84,,,https://nivoda-images.s3.eu-west-2.amazonaws.com/10eb9471-68da-441d-86e6-b917c278270e.jpg,https://nivoda-images.s3.eu-west-2.amazonaws.com/pdf/2205881228.pdf,,,,HK,N
1,DU09130805817,2347955137,ROUND,0.4,J,SI1,VG,EX,VG,MED,Blue,4.63,4.57,2.97,64.5,57,NON,GIA,STK to THK,,,,,China Star ,3a1357c1-60d9-4cdc-96d7-7a9bebec3568,-48.06%,362,906.05,,,https://nivoda-images.s3.eu-west-2.amazonaws.com/1f09cc9e-3cb3-4a60-bd8e-e04730418966.jpg,,,,,HK,N
,323D-199-A,1339496937,ROUND,0.35,I,SI1,EX,EX,EX,NON,,4.47,4.5,2.82,62.8,56,None,GIA,MED to STK,,,,,Paladiya Brothers & co,e6c24977-7efd-4b1c-95c4-1aca4bed604a,-45.43%,316,904.26,,,,https://nivoda-images.s3.eu-west-2.amazonaws.com/pdf/1339496937.pdf,,,,IN,N
1,327C-312-A,1347853303,ROUND,0.3,H,SI1,EX,EX,EX,NON,,4.28,4.3,2.68,62.4,57,None,GIA,STK,,,,,Paladiya Brothers & co,e6c24977-7efd-4b1c-95c4-1aca4bed604a,-43.06%,303,1011.03,,,,https://nivoda-images.s3.eu-west-2.amazonaws.com/pdf/1347853303.pdf,,,,IN,N
,220-176A,7341799318,ROUND,0.32,F,IF,EX,EX,EX,MED,Blue,4.34,4.36,2.72,62.5,57,None,GIA,MED to STK,100%,,,Not milky,SHREE RAMDOOT GEMS LLP,efab5e1c-0e13-411a-b955-2b734f74ce71,-48.75%,456,1426.25,,,,https://nivoda-images.s3.eu-west-2.amazonaws.com/pdf/7341799318.pdf,,,,IN,N
,LD200110582,6341807286,ROUND,0.4,H,VS1,EX,EX,EX,NON,,4.69,4.72,2.95,62.7,56,None,GIA,MED to STK,100%,,,Not milky,Laxmi,523f5320-903b-4939-8f99-c88e0d49c77b,-36.00%,593,1483,,,https://nivoda-images.s3.eu-west-2.amazonaws.com/428f4a42-85ae-40ca-b1cc-cd160cc3c435.jpg,https://nivoda-images.s3.eu-west-2.amazonaws.com/pdf/6341807286.pdf,,,,IN,N
,LD200110210,5346788866,ROUND,0.53,D,VVS2,EX,EX,EX,NON,,5.16,5.19,3.24,62.6,57,None,GIA,MED to STK,100%,Not brown,Not green,Not milky,Laxmi,523f5320-903b-4939-8f99-c88e0d49c77b,-36.00%,1599,3017.6,,,https://nivoda-images.s3.eu-west-2.amazonaws.com/b6f4ce42-b9c2-42f3-8f38-bfe62e7c77ae.jpg,https://nivoda-images.s3.eu-west-2.amazonaws.com/pdf/5346788866.pdf,,,,IN,N
,200763-GC,1343474447,ROUND,0.7,F,SI1,VG,EX,GD,NON,,5.55,5.46,3.55,64.4,57,NON,GIA,THN to THK,,,,,Vaishali Gems,0f73b5bb-6b58-4f06-964b-d20097ee9d3b,-51.60%,1389,1984.4,,,https://nivoda-images.s3.eu-west-2.amazonaws.com/a922c3be-ee77-4ad9-871c-f2718c89f131.jpg,TRUE,,,,HK,Y
,G421-136290,2347984178,ROUND,1,H,SI2,VG,EX,VG,NON,,6.37,6.42,3.89,60.8,61,None,GIA,THN to THK,75%,Not brown,,,Shivam Jewels,30e7f681-ab85-4b0e-b046-c4b9abd2ef1e,-45.47%,2962,2962.34,,,https://nivoda-images.s3.eu-west-2.amazonaws.com/4e8a7180-75a5-473f-a892-91017c69b122.jpg,https://nivoda-images.s3.eu-west-2.amazonaws.com/pdf/2347984178.pdf,,,,IN,N
,80530,1353133701,ROUND,2.07,E,VS1,EX,EX,EX,NON,,8.08,8.14,5.07,62.5,57,None,GIA,MED to STK,100%,Not brown,,Not milky,Sagar Enterprise,e8af6b4d-0eb8-49f9-869b-c5420a3a0cea,-41.96%,23578,11390.24,,,https://nivoda-images.s3.eu-west-2.amazonaws.com/c71f2a5f-1ec6-4cc6-8b01-58b7a8f33c64.jpg,https://nivoda-images.s3.eu-west-2.amazonaws.com/pdf/1353133701.pdf,,,,HK,N
,G401-132394,2347581539,ROUND,1,H,SI1,EX,VG,VG,NON,,6.3,6.4,3.97,62.5,59,None,GIA,THN to STK,80%,Not brown,,,Shivam Jewels,30e7f681-ab85-4b0e-b046-c4b9abd2ef1e,-42.00%,3745,3745.35,,,https://nivoda-images.s3.eu-west-2.amazonaws.com/efec507e-5530-4409-bc5f-2e7e19c5b0f3.jpg,https://nivoda-images.s3.eu-west-2.amazonaws.com/pdf/2347581539.pdf,,,,IN,N
,G427-137667,2357186221,PEAR,1,I,SI2,-,VG,G,NON,,9.11,5.27,3.4,64.5,57,None,GIA,MED to ETK,90%,Not brown,,,Shivam Jewels,30e7f681-ab85-4b0e-b046-c4b9abd2ef1e,-48.00%,2025,2025.4,,,https://nivoda-images.s3.eu-west-2.amazonaws.com/03649f10-f717-4172-ad17-1e5c2c9bda93.jpg,https://nivoda-images.s3.eu-west-2.amazonaws.com/pdf/2357186221.pdf,,,,IN,N
,G431-138259,1359289462,ROUND,0.5,H,SI2,EX,VG,VG,NON,,5.12,5.16,3.05,59.2,62,None,GIA,MED to STK,85%,Not brown,,,Shivam Jewels,30e7f681-ab85-4b0e-b046-c4b9abd2ef1e,-37.00%,755,1509,,,https://nivoda-images.s3.eu-west-2.amazonaws.com/e3c7a7c5-af40-49d4-99c3-438d3ec3dd21.jpg,https://nivoda-images.s3.eu-west-2.amazonaws.com/pdf/1359289462.pdf,,,,IN,N
,LD200110593,6342805693,PEAR,0.51,D,VS2,-,VG,VG,NON,,7.02,4.43,2.75,62.1,58,NON,GIA,STK to THK,100%,Not brown,Not green,Not milky,Laxmi,523f5320-903b-4939-8f99-c88e0d49c77b,-40.00%,887,1738.82,,,https://nivoda-images.s3.eu-west-2.amazonaws.com/8e55684e-be38-47d5-bc31-0af16d138c3b.jpg,https://certifiedstone.info/certificate/LD200110593.pdf,,,,IN,N
,LD200110151,2347791090,ROUND,0.26,E,VS1,EX,EX,EX,NON,,4.04,4.06,2.55,62.9,57,None,GIA,MED to STK,100%,Not brown,Not green,Not milky,Laxmi,523f5320-903b-4939-8f99-c88e0d49c77b,5.00%,409,1574.92,,,https://nivoda-images.s3.eu-west-2.amazonaws.com/ad77436d-f11f-4546-84d3-9a4ff45d8c06.jpg,https://nivoda-images.s3.eu-west-2.amazonaws.com/pdf/2347791090.pdf,,,,IN,N
,LD200110701,7346816787,ROUND,0.5,I,VVS2,EX,EX,EX,NON,,5.05,5.09,3.18,62.6,58,None,GIA,MED to STK,100%,Not brown,Not green,Not milky,Laxmi,523f5320-903b-4939-8f99-c88e0d49c77b,-39.00%,915,1829,,,https://nivoda-images.s3.eu-west-2.amazonaws.com/4d89abc0-a442-474f-8008-6a5aedc9f603.jpg,https://nivoda-images.s3.eu-west-2.amazonaws.com/pdf/7346816787.pdf,,,,IN,N
,323E-58-A,5346051098,EMERALD,0.61,D,SI1,-,VG,EX,NON,,5.5,4.06,2.79,68.6,62,None,GIA,THK to VTK,,,,,Paladiya Brothers & co,e6c24977-7efd-4b1c-95c4-1aca4bed604a,-44.22%,881,1443.69,,,,https://nivoda-images.s3.eu-west-2.amazonaws.com/pdf/5346051098.pdf,,,,IN,N
,363C-111-A,1345420986,ROUND,0.8,K,VVS1,VG,EX,VG,MED,Blue,5.74,5.81,3.73,64.7,56,None,GIA,STK to THK,100%,,,,Paladiya Brothers & co,e6c24977-7efd-4b1c-95c4-1aca4bed604a,-34.46%,1505,1881,,,,https://nivoda-images.s3.eu-west-2.amazonaws.com/pdf/1345420986.pdf,,,,IN,N
,LD200110152,7341791025,ROUND,0.25,F,VS2,EX,VG,VG,NON,,4.02,4.05,2.45,60.7,60,None,GIA,MED to STK,100%,Not brown,Not green,Not milky,Laxmi,523f5320-903b-4939-8f99-c88e0d49c77b,-9.00%,346,1384.96,,,,https://nivoda-images.s3.eu-west-2.amazonaws.com/pdf/7341791025.pdf,,,,IN,N
,LD200110002,6341787870,ROUND,0.53,D,VS1,EX,EX,EX,MED,Blue,5.17,5.2,3.2,61.7,59,None,GIA,MED,100%,Not brown,Not green,Not milky,Laxmi,523f5320-903b-4939-8f99-c88e0d49c77b,-52.00%,1098,2072.6,,,https://nivoda-images.s3.eu-west-2.amazonaws.com/5fc12e18-7daa-4f2c-8897-40b19217d953.jpg,https://nivoda-images.s3.eu-west-2.amazonaws.com/pdf/6341787870.pdf,,,,IN,N
,G432-140651,2357363702,ROUND,0.5,H,SI1,VG,EX,VG,NON,,4.96,4.99,3.21,64.5,56,None,GIA,MED to THK,90%,Not brown,,,Shivam Jewels,30e7f681-ab85-4b0e-b046-c4b9abd2ef1e,-43.00%,857,1713,https://nivoda-images.s3.amazonaws.com/aHR0cHM6Ly9zandvcmxkaW1nLmF6dXJlZWRnZS5uZXQvc2ppbWcvaW1hZ2VzL1Zpc2lvbjM2MC5odG1sP2Q9RzQzMi0xNDA2NTE=,256,https://nivoda-images.s3.eu-west-2.amazonaws.com/79b56167-41d6-4017-8162-c17a1dc6f919.jpg,https://nivoda-images.s3.eu-west-2.amazonaws.com/pdf/2357363702.pdf,,,,IN,N
,HK1436973,1348680080,ROUND,0.32,I,VVS1,EX,EX,EX,FNT,,4.36,4.38,2.73,62.5,56,None,GIA,MED to STK,100%,,,Not milky,Hari Krishna,1d8066ed-4b96-490d-9dd5-e68a649fd592,-47.25%,368,1148.78,,,,https://nivoda-images.s3.eu-west-2.amazonaws.com/pdf/1348680080.pdf,,,,HK,N
,G448-141075,6352339954,ROUND,0.6,H,SI2,VG,VG,VG,NON,,5.31,5.33,3.43,64.5,56,None,GIA,STK to THK,85%,Not brown,,,Shivam Jewels,30e7f681-ab85-4b0e-b046-c4b9abd2ef1e,-38.00%,886,1476,https://nivoda-images.s3.amazonaws.com/aHR0cHM6Ly9zandvcmxkaW1nLmF6dXJlZWRnZS5uZXQvc2ppbWcvaW1hZ2VzL1Zpc2lvbjM2MC5odG1sP2Q9RzQ0OC0xNDEwNzU=,256,https://nivoda-images.s3.eu-west-2.amazonaws.com/7ddaf799-42c0-4cd6-9bd4-6df19c823457.jpg,https://nivoda-images.s3.eu-west-2.amazonaws.com/pdf/6352339954.pdf,,,,IN,N
,214-973-26-B,1358117774,PEAR,1,H,VS1,-,EX,VG,STG,Blue,9.36,5.63,3.11,55.3,64,None,GIA,THK to ETK,100%,Not brown,Not green,Not milky,Chintamani gems,0e198698-1f5c-499c-ac8e-eb508a168c66,-42.00%,3091,3091.4,,,,https://nivoda-images.s3.eu-west-2.amazonaws.com/pdf/1358117774.pdf,,,,IN,N
,LD19093065,1333764817,ROUND,0.2,E,VS1,EX,EX,EX,NON,,3.81,3.8,2.28,59.8,59,NON,GIA,THN to STK,100%,Not brown,Not green,Not milky,Laxmi,523f5320-903b-4939-8f99-c88e0d49c77b,9.00%,281,1403.45,,,https://nivoda-images.s3.eu-west-2.amazonaws.com/66939548-58a8-4027-81a7-eeebce83bdde.jpg,https://www.laxmidiamond.com/certifiedstone/certificate/LD19093065.pdf,,,,IN,N
,LD200110000,7346786039,ROUND,0.2,F,VVS2,EX,EX,VG,NON,,3.82,3.83,2.26,59,62,None,GIA,MED,100%,Not brown,Not green,Not milky,Laxmi,523f5320-903b-4939-8f99-c88e0d49c77b,-3.00%,282,1411,,,https://nivoda-images.s3.eu-west-2.amazonaws.com/11c170ae-9be7-40be-bd19-1e58f88087b1.jpg,https://nivoda-images.s3.eu-west-2.amazonaws.com/pdf/7346786039.pdf,,,,IN,N
,LD19124890,5346418849,ROUND,0.24,D,VS2,EX,EX,EX,FNT,,4.04,4.02,2.44,60.4,59,NON,GIA,MED to STK,100%,Not brown,Not green,Not milky,Laxmi,523f5320-903b-4939-8f99-c88e0d49c77b,-4.00%,350,1459.42,,,,https://www.laxmidiamond.com/certifiedstone/certificate/LD19124890.pdf,,,,IN,N
,YZ09130804809,6351241300,ROUND,0.5,I,VVS2,G,EX,VG,FNT,,4.8,4.88,3.21,66.3,57,None,GIA,STK to VTK,100%,,,,China Star ,3a1357c1-60d9-4cdc-96d7-7a9bebec3568,-56.35%,663,1325.84,,,https://nivoda-images.s3.eu-west-2.amazonaws.com/7989aab4-9f03-4774-b10f-37cf798d4c52.jpg,https://nivoda-images.s3.eu-west-2.amazonaws.com/pdf/6351241300.pdf,,,,HK,N
,159C-82-A,7348037594,OVAL,0.5,E,VVS2,-,EX,EX,MED,Blue,6.52,4.52,2.72,60.2,56,None,GIA,MED to THK,100%,,,,Paladiya Brothers & co,e6c24977-7efd-4b1c-95c4-1aca4bed604a,-56.02%,690,1379.4,,,,https://nivoda-images.s3.eu-west-2.amazonaws.com/pdf/7348037594.pdf,,,,IN,N
,LD19124194,7348405446,ROUND,0.26,D,VVS1,EX,EX,EX,NON,,4.09,4.07,2.54,62.3,59,NON,GIA,MED to STK,100%,Not brown,Not green,Not milky,Laxmi,523f5320-903b-4939-8f99-c88e0d49c77b,19.00%,510,1959.81,,,https://nivoda-images.s3.eu-west-2.amazonaws.com/7e223803-b82d-420d-ad34-41409b8d5d93.jpg,https://www.laxmidiamond.com/certifiedstone/certificate/LD19124194.pdf,,,,IN,N
,LD19125232,5346417082,ROUND,0.2,F,VVS2,EX,EX,EX,NON,,3.76,3.73,2.34,62.5,57,NON,GIA,MED to STK,100%,Not brown,Not green,Not milky,Laxmi,523f5320-903b-4939-8f99-c88e0d49c77b,1.00%,293,1463,,,https://nivoda-images.s3.eu-west-2.amazonaws.com/622f445a-0792-4026-9501-dc348e4c5ac8.jpg,https://www.laxmidiamond.com/certifiedstone/certificate/LD19125232.pdf,,,,IN,N
,LD20017109,5346712430,ROUND,0.72,F,VS2,EX,EX,EX,STG,Blue,5.76,5.73,3.56,61.9,58,NON,GIA,MED,100%,Not brown,Not green,Not milky,Laxmi,523f5320-903b-4939-8f99-c88e0d49c77b,-49.00%,1731,2404.65,,,https://nivoda-images.s3.eu-west-2.amazonaws.com/89148d2b-d8e4-4f78-8198-fcaafae645b4.jpg,https://certifiedstone.info/certificate/LD20017109.pdf,,,,IN,N
,LD20014573,7348639436,ROUND,0.45,D,VS1,EX,EX,EX,NON,,4.89,4.94,3.06,62.2,56,None,GIA,MED to STK,100%,Not brown,Not green,Not milky,Laxmi,523f5320-903b-4939-8f99-c88e0d49c77b,-26.50%,989,2198.18,,,https://nivoda-images.s3.eu-west-2.amazonaws.com/c3d6e574-1bbd-4a77-a27d-f31f833f8f55.jpg,https://nivoda-images.s3.eu-west-2.amazonaws.com/pdf/7348639436.pdf,,,,IN,N
,LD19124202,1347405150,ROUND,0.26,D,VVS1,EX,EX,EX,NON,,4.11,4.09,2.52,61.6,60,NON,GIA,MED to STK,100%,Not brown,Not green,Not milky,Laxmi,523f5320-903b-4939-8f99-c88e0d49c77b,26.00%,538,2068.38,,,https://nivoda-images.s3.eu-west-2.amazonaws.com/b82bb3c9-b677-46f7-ae7a-1ea015650098.jpg,https://www.laxmidiamond.com/certifiedstone/certificate/LD19124202.pdf,,,,IN,N
,LD19124638,6342418224,ROUND,0.27,E,IF,EX,EX,EX,NON,,4.2,4.18,2.57,61.3,59,NON,GIA,STK,100%,Not brown,Not green,Not milky,Laxmi,523f5320-903b-4939-8f99-c88e0d49c77b,21.00%,536,1986.59,,,https://nivoda-images.s3.eu-west-2.amazonaws.com/00e38662-41ba-4d06-9559-c84f75d76599.jpg,https://www.laxmidiamond.com/certifiedstone/certificate/LD19124638.pdf,,,,IN,N
,LD20020692,1345866247,ROUND,0.3,F,IF,VG,VG,VG,NON,,4.22,4.18,2.69,64.2,58,NON,GIA,STK to THK,100%,Not brown,Not green,Not milky,Laxmi,523f5320-903b-4939-8f99-c88e0d49c77b,-40.00%,498,1660,,,https://nivoda-images.s3.eu-west-2.amazonaws.com/ff1be5c4-2cc8-470a-9b53-af4e390fbd60.jpg,https://certifiedstone.info/certificate/LD20020692.pdf,,,,IN,N
,LD19125225,7348419473,ROUND,0.25,D,VS2,EX,EX,EX,NON,,4.06,4.03,2.53,62.6,57,NON,GIA,MED to STK,100%,Not brown,Not green,Not milky,Laxmi,523f5320-903b-4939-8f99-c88e0d49c77b,9.00%,409,1635.08,,,,https://www.laxmidiamond.com/certifiedstone/certificate/LD19125225.pdf,,,,IN,N
,42347,1348673923,ROUND,0.6,F,SI2,EX,EX,EX,STG,Blue,5.45,5.48,3.31,60.6,60,None,GIA,MED to STK,,,,,Honey Exports,72049570-7cc1-4b52-afd0-a0251e6485b0,-46.00%,840,1400,,,https://nivoda-images.s3.eu-west-2.amazonaws.com/f3873171-1591-4d6e-833c-6428af04d1f7.jpg,https://nivoda-images.s3.eu-west-2.amazonaws.com/pdf/1348673923.pdf,,,,IN,N
,LD19124595,7341417005,ROUND,0.25,F,VS1,EX,EX,EX,NON,,4.05,4.04,2.49,61.6,58,NON,GIA,MED to STK,100%,Not brown,Not green,Not milky,Laxmi,523f5320-903b-4939-8f99-c88e0d49c77b,2.00%,384,1537.84,,,https://nivoda-images.s3.eu-west-2.amazonaws.com/6fb7bc62-18bf-42c9-9357-10679627e4c2.jpg,https://www.laxmidiamond.com/certifiedstone/certificate/LD19124595.pdf,,,,IN,N
,LD200111115,7346840773,PRINCESS,0.51,F,VVS2,-,EX,VG,NON,,4.39,4.39,3.11,70.8,70,NON,GIA,STK to THK,100%,Not brown,Not green,Not milky,Laxmi,523f5320-903b-4939-8f99-c88e0d49c77b,-45.52%,780,1529.82,,,https://nivoda-images.s3.eu-west-2.amazonaws.com/ef48c66f-1e15-4e29-90ae-6bac81c5e757.jpg,https://certifiedstone.info/certificate/LD200111115.pdf,,,,IN,N
,LD19082004,7332482026,ROUND,0.2,E,VS1,EX,EX,EX,NON,,3.74,3.76,2.31,61.4,58,None,GIA,MED to STK,100%,Not brown,Not green,Not milky,Laxmi,523f5320-903b-4939-8f99-c88e0d49c77b,9.00%,281,1403.45,,,https://nivoda-images.s3.eu-west-2.amazonaws.com/e099079a-55f5-4942-8c24-3d55cd68eed1.jpg,https://nivoda-images.s3.eu-west-2.amazonaws.com/pdf/7332482026.pdf,,,,IN,N
,42798,2347975611,ROUND,0.3,K,VVS1,EX,EX,EX,FNT,,4.28,4.31,2.67,62.2,58,None,GIA,MED to STK,100%,,,,Honey Exports,72049570-7cc1-4b52-afd0-a0251e6485b0,-45.00%,294,980,,,,https://nivoda-images.s3.eu-west-2.amazonaws.com/pdf/2347975611.pdf,,,,IN,N
,LD20015874,6341695024,ROUND,0.36,E,IF,EX,EX,EX,NON,,4.56,4.53,2.84,62.5,57,NON,GIA,MED to STK,100%,Not brown,Not green,Not milky,Laxmi,523f5320-903b-4939-8f99-c88e0d49c77b,-22.00%,816,2267.33,,,https://nivoda-images.s3.eu-west-2.amazonaws.com/ffc896a1-cd91-4605-a8d1-0dee6d970f8c.jpg,https://certifiedstone.info/certificate/LD20015874.pdf,,,,IN,N
,LD20051055,1355405802,ROUND,0.3,E,VVS1,VG,EX,EX,FNT,,4.23,4.27,2.65,62.3,61,None,GIA,STK to THK,100%,Not brown,Not green,Not milky,Laxmi,523f5320-903b-4939-8f99-c88e0d49c77b,-47.00%,443,1478,,,https://nivoda-images.s3.eu-west-2.amazonaws.com/3bfe2822-5d26-44f2-9514-47bcead1ae79.jpg,https://nivoda-images.s3.eu-west-2.amazonaws.com/pdf/1355405802.pdf,,,,IN,N
,SARADIAMONDSPRIVATELIMITED200409,2347381731,ROUND,0.5,J,SI2,GD,EX,VG,MED,Blue,4.99,4.91,3.28,66.3,55,NON,GIA,VTN to THK,,,,,Sara Diamonds,97fcb0ad-7258-4c97-8e84-5716becf2442,-47.00%,560,1120,,,,http://s3.amazonaws.com/rap.certs/Gia/Certificates/2019/12/23/2347381731.pdf,,,,IN,N
,LD20014704,5346652216,ROUND,0.5,D,VS2,VG,VG,EX,NON,,5.01,5.04,3.14,62.5,61,None,GIA,MED to THK,100%,Not brown,Not green,Not milky,Laxmi,523f5320-903b-4939-8f99-c88e0d49c77b,-47.50%,1028,2055,,,https://nivoda-images.s3.eu-west-2.amazonaws.com/429d6ccd-4f27-4dd9-9cbe-d66d2ed9d425.jpg,https://nivoda-images.s3.eu-west-2.amazonaws.com/pdf/5346652216.pdf,,,,IN,N
,LD20030993,7351187820,ROUND,0.31,F,VVS2,EX,EX,EX,NON,,4.31,4.33,2.68,62,57,None,GIA,MED to STK,100%,Not brown,Not green,Not milky,Laxmi,523f5320-903b-4939-8f99-c88e0d49c77b,-29.50%,533,1718.29,https://nivoda-images.s3.amazonaws.com/aHR0cHM6Ly9jZXJ0aWZpZWRzdG9uZS5pbmZvL3ZpZXdlci92aXNpb24zNjAuaHRtbD9kPUxEMjAwMzA5OTM=,16,https://nivoda-images.s3.eu-west-2.amazonaws.com/baf49475-7b06-40ba-8e8c-8b8adfc68f50.jpg,https://nivoda-images.s3.eu-west-2.amazonaws.com/pdf/7351187820.pdf,,,,IN,N
,LD20031042,5353187789,ROUND,0.4,E,VS2,EX,EX,EX,FNT,,4.7,4.73,2.97,63.1,56,None,GIA,THN to STK,100%,Not brown,Not green,Not milky,Laxmi,523f5320-903b-4939-8f99-c88e0d49c77b,-42.00%,610,1525,https://nivoda-images.s3.amazonaws.com/aHR0cHM6Ly9jZXJ0aWZpZWRzdG9uZS5pbmZvL3ZpZXdlci92aXNpb24zNjAuaHRtbD9kPUxEMjAwMzEwNDI=,16,https://nivoda-images.s3.eu-west-2.amazonaws.com/0025acce-41c6-4c2b-ae3e-ce771cddbc83.jpg,https://nivoda-images.s3.eu-west-2.amazonaws.com/pdf/5353187789.pdf,,,,IN,N
,LD20014093,7342632210,ROUND,0.26,D,VS1,EX,EX,EX,NON,,4.07,4.08,2.55,62.6,57,None,GIA,MED to STK,100%,Not brown,Not green,Not milky,Laxmi,523f5320-903b-4939-8f99-c88e0d49c77b,11.00%,431,1658.23,,,https://nivoda-images.s3.eu-west-2.amazonaws.com/cd93168b-fb53-4c5f-823e-b327764dc572.jpg,https://nivoda-images.s3.eu-west-2.amazonaws.com/pdf/7342632210.pdf,,,,IN,N
,LD20031063,1359188245,ROUND,0.3,F,VVS2,EX,EX,EX,NON,,4.3,4.32,2.65,61.4,60,None,GIA,MED to STK,100%,Not brown,Not green,Not milky,Laxmi,523f5320-903b-4939-8f99-c88e0d49c77b,-29.50%,516,1721.5,https://nivoda-images.s3.amazonaws.com/aHR0cHM6Ly9jZXJ0aWZpZWRzdG9uZS5pbmZvL3ZpZXdlci92aXNpb24zNjAuaHRtbD9kPUxEMjAwMzEwNjM=,16,https://nivoda-images.s3.eu-west-2.amazonaws.com/29977dfd-8025-4540-bec9-929d2eafc305.jpg,https://nivoda-images.s3.eu-west-2.amazonaws.com/pdf/1359188245.pdf,,,,IN,N
,LD20014883,5346651071,PRINCESS,0.61,I,VS1,-,EX,VG,NON,,4.44,4.37,3.47,79.5,71,NON,GIA,THK,100%,Not brown,Not green,Not milky,Laxmi,523f5320-903b-4939-8f99-c88e0d49c77b,-38.95%,775,1270.18,,,https://nivoda-images.s3.eu-west-2.amazonaws.com/f79477a7-6a7d-4860-b092-3d2527492bae.jpg,https://certifiedstone.info/certificate/LD20014883.pdf,,,,IN,N
,LD20020549,2347865915,ROUND,0.5,J,VVS1,EX,EX,EX,NON,,5.08,5.05,3.16,62.4,58,NON,GIA,MED to STK,100%,Not brown,Not green,Not milky,Laxmi,523f5320-903b-4939-8f99-c88e0d49c77b,-36.00%,862,1724,,,https://nivoda-images.s3.eu-west-2.amazonaws.com/ba3d721c-f5a3-4845-8ba7-8996db7a1e8a.jpg,https://certifiedstone.info/certificate/LD20020549.pdf,,,,IN,N
,SARADIAMONDSPRIVATELIMITED183058-B,2298756638,ROUND,0.9,I,SI2,G,EX,VG,NON,,5.96,5.99,3.89,65.2,61,None,GIA,THK to VTK,,,,,Sara Diamonds,97fcb0ad-7258-4c97-8e84-5716becf2442,-44.00%,2015,2238.6,,,,https://nivoda-images.s3.eu-west-2.amazonaws.com/pdf/2298756638.pdf,,,,IN,N
,LD20014273,1343632129,ROUND,0.3,F,VS1,EX,EX,EX,FNT,,4.35,4.33,2.58,59.3,61,NON,GIA,MED to STK,100%,Not brown,Not green,Not milky,Laxmi,523f5320-903b-4939-8f99-c88e0d49c77b,-40.50%,405,1349.5,,,https://nivoda-images.s3.eu-west-2.amazonaws.com/e29612f8-735c-4b12-a6cf-3d4e46be085c.jpg,https://certifiedstone.info/certificate/LD20014273.pdf,,,,IN,N
,LD20021194,2346880311,ROUND,0.26,E,VVS1,EX,EX,EX,NON,,4.06,4.08,2.51,61.7,59,None,GIA,MED to STK,100%,Not brown,Not green,Not milky,Laxmi,523f5320-903b-4939-8f99-c88e0d49c77b,19.00%,510,1959.88,,,https://nivoda-images.s3.eu-west-2.amazonaws.com/6b694d31-b6c5-48e9-a265-b196891cf509.jpg,https://nivoda-images.s3.eu-west-2.amazonaws.com/pdf/2346880311.pdf,,,,IN,N
,LD20014850,6341638220,ROUND,0.31,F,VVS1,EX,EX,EX,NON,,4.33,4.32,2.66,61.6,58,NON,GIA,MED to STK,100%,Not brown,Not green,Not milky,Laxmi,523f5320-903b-4939-8f99-c88e0d49c77b,-31.50%,561,1809.29,,,https://nivoda-images.s3.eu-west-2.amazonaws.com/dfd9f912-5998-49fb-8e4c-b9778c7dcc31.jpg,-,,,,IN,N
,B9-299,2356327129,ROUND,0.38,J,VVS2,EX,EX,EX,NON,,4.63,4.66,2.88,62,58,None,GIA,MED to STK,100%,Not brown,,Not milky,Super Solitaire Hk Ltd,3ccba1c2-3018-4066-8aaa-e73401d0c3d4,-36.10%,443,1165.24,,,,https://nivoda-images.s3.eu-west-2.amazonaws.com/pdf/2356327129.pdf,,,,HK,N
,LD20025877,6352036689,ROUND,1.05,E,VS1,EX,EX,EX,STG,Blue,6.52,6.57,4.02,61.4,60,None,GIA,STK,100%,Not brown,Not green,Not milky,Laxmi,523f5320-903b-4939-8f99-c88e0d49c77b,-55.48%,4840,4609.19,,,https://nivoda-images.s3.eu-west-2.amazonaws.com/7cde21c8-3819-4990-a6e8-fc1d2f9802fa.jpg,https://nivoda-images.s3.eu-west-2.amazonaws.com/pdf/6352036689.pdf,,,,IN,N
,LD19042836,5323536482,OVAL,0.52,E,SI1,-,EX,VG,NON,,6.38,4.53,2.94,64.9,61,None,GIA,MED to THK,90%,Not brown,Not green,Light Milky,Laxmi,523f5320-903b-4939-8f99-c88e0d49c77b,-47.65%,656,1261.69,https://nivoda-images.s3.amazonaws.com/aHR0cHM6Ly93d3cuY2VydGlmaWVkc3RvbmUuaW5mby92aWV3ZXIvVmlzaW9uMzYwLmh0bWw/ZD1MRDE5MDQyODM2,128,https://nivoda-images.s3.eu-west-2.amazonaws.com/05ac1b44-3ccb-446d-a629-d56346875c68.jpg,https://nivoda-images.s3.eu-west-2.amazonaws.com/pdf/5323536482.pdf,,,,IN,N
,B9-238,7353327269,ROUND,0.36,H,VVS1,EX,EX,EX,FNT,,4.53,4.56,2.83,62.2,58,None,GIA,THN to STK,100%,Not brown,,Not milky,Super Solitaire Hk Ltd,3ccba1c2-3018-4066-8aaa-e73401d0c3d4,-37.10%,506,1404.22,,,,https://nivoda-images.s3.eu-west-2.amazonaws.com/pdf/7353327269.pdf,,,,HK,N
,5979-59,1355395245,OVAL,0.52,E,SI1,-,EX,EX,FNT,,6.37,4.43,2.88,65.1,59,None,GIA,MED to THK,100%,Not brown,Not green,Not milky,Narola Gems,e9f9f355-789c-4cb2-869a-4a02587576a7,-42.18%,721,1387.44,,,https://nivoda-images.s3.eu-west-2.amazonaws.com/3b026f03-3054-442a-867e-5b45dd4f0668.jpg,https://nivoda-images.s3.eu-west-2.amazonaws.com/pdf/1355395245.pdf,,,,IN,N
,6012-3,6351373533,ROUND,0.5,D,SI1,EX,EX,VG,FNT,,5.14,5.17,3.06,59.4,61,None,GIA,MED to STK,100%,Not brown,Not green,Not milky,Narola Gems,e9f9f355-789c-4cb2-869a-4a02587576a7,-55.15%,792,1584.78,,,https://nivoda-images.s3.eu-west-2.amazonaws.com/8d5b5542-14ad-4647-8a19-20e9048e5c58.jpg,https://nivoda-images.s3.eu-west-2.amazonaws.com/pdf/6351373533.pdf,,,,IN,N
,6053-5,2357397122,ROUND,0.45,I,VS1,EX,EX,EX,NON,,4.89,4.9,3.05,62.3,58,None,GIA,MED to STK,100%,Very Light Brown,,,Narola Gems,e9f9f355-789c-4cb2-869a-4a02587576a7,-38.78%,581,1291.02,,,https://nivoda-images.s3.eu-west-2.amazonaws.com/bcb5e692-91fe-4d5f-828c-52bd2f44877d.jpg,https://nivoda-images.s3.eu-west-2.amazonaws.com/pdf/2357397122.pdf,,,,IN,N
,LD19120683,5346273922,ROUND,1.02,H,VS1,VG,EX,EX,NON,,6.3,6.25,4.05,64.5,58,NON,GIA,THK,100%,Not brown,Not green,Not milky,Laxmi,523f5320-903b-4939-8f99-c88e0d49c77b,-42.47%,4451,4363.42,https://nivoda-images.s3.amazonaws.com/aHR0cHM6Ly93d3cuY2VydGlmaWVkc3RvbmUuaW5mby92aWV3ZXIvVmlzaW9uMzYwLmh0bWw/ZD1MRDE5MTIwNjgz,128,https://nivoda-images.s3.eu-west-2.amazonaws.com/ea862f86-b6de-4832-80a6-3766f00d7eb4.jpg,https://www.laxmidiamond.com/certifiedstone/certificate/LD19120683.pdf,,,,HK,N
,ALD06032012,7348861550,ROUND,0.3,D,VVS1,EX,EX,EX,NON,,4.31,4.29,2.61,60.7,60,NON,GIA,MED to STK,100%,Not brown,Not green,Not milky,Laxmi,523f5320-903b-4939-8f99-c88e0d49c77b,-26.54%,647,2157,,,,,,,,IN,N
,G429-138741,2.00E+11,ROUND,1,I,SI2,EX,EX,EX,NON,,6.45,6.51,3.91,60.2,61,0,HRD,MED,70%,,,,Shivam Jewels,30e7f681-ab85-4b0e-b046-c4b9abd2ef1e,-58.00%,2109,2109.45,https://nivoda-images.s3.amazonaws.com/aHR0cHM6Ly9zandvcmxkaW1nLmF6dXJlZWRnZS5uZXQvc2ppbWcvaW1hZ2VzL1Zpc2lvbjM2MC5odG1sP2Q9RzQyOS0xMzg3NDE=,256,https://nivoda-images.s3.eu-west-2.amazonaws.com/7b969a27-3bdd-4fc8-ab0c-58dd64407cbe.jpg,http://ws2.hrdantwerp.com/HRD.CertificateService.WebAPI/certificate?certificateNumber=200000046578&certificateType=CERT,,,,IN,N
,LD20023398,1348991361,ROUND,0.27,E,VS1,EX,EX,EX,NON,,4.16,4.14,2.59,62.3,57,NON,GIA,MED to STK,100%,Not brown,Not green,Not milky,Laxmi,523f5320-903b-4939-8f99-c88e0d49c77b,5.00%,424,1570.63,,,,,,,,IN,N
,RLD19093525,6335785279,PEAR,1.51,D,IF,-,EX,EX,NON,,10.26,6.41,3.87,60.3,61,NON,GIA,STK to VTK,100%,,,Not milky,Laxmi,523f5320-903b-4939-8f99-c88e0d49c77b,-46.00%,12789,8469.34,https://nivoda-images.s3.amazonaws.com/aHR0cHM6Ly93d3cuY2VydGlmaWVkc3RvbmUuaW5mby92aWV3ZXIvVmlzaW9uMzYwLmh0bWw/ZD1MRDE5MDkzNTI1,16,https://nivoda-images.s3.eu-west-2.amazonaws.com/1d288853-2ac6-428a-80a2-5259f3e55b93.jpg,https://www.laxmidiamond.com/certifiedstone/certificate/LD19093525.pdf,,,,IN,N
,LD20024587,3355016638,ROUND,1.06,I,VS1,EX,EX,EX,MED,Blue,6.57,6.52,3.97,60.7,60,NON,GIA,MED to STK,100%,Not brown,Not green,Not milky,Laxmi,523f5320-903b-4939-8f99-c88e0d49c77b,-40.30%,4086,3854.92,,,https://nivoda-images.s3.eu-west-2.amazonaws.com/f8dffc21-797a-4601-af8b-37562de11281.jpg,,,,,HK,N
,LD20024635,7351017420,ROUND,1.2,I,SI1,EX,EX,EX,MED,Blue,6.79,6.73,4.21,62.3,57,NON,GIA,MED to STK,100%,Not brown,Not green,Not milky,Laxmi,523f5320-903b-4939-8f99-c88e0d49c77b,-37.17%,4482,3735.13,,,https://nivoda-images.s3.eu-west-2.amazonaws.com/17dca582-7b7b-4ef5-bb24-149590a04e14.jpg,,,,,HK,N
,300-2288,1358121223,ROUND,0.3,H,VVS2,G,EX,VG,MED,Blue,4.17,4.19,2.73,65.4,58,None,GIA,THK to VTK,100%,Not brown,Not green,Not milky,Narola Gems,e9f9f355-789c-4cb2-869a-4a02587576a7,-48.80%,337,1123.9,,,,https://nivoda-images.s3.eu-west-2.amazonaws.com/pdf/1358121223.pdf,,,,IN,N
,B7-161,2354095348,ROUND,0.54,H,IF,EX,EX,EX,NON,,5.21,5.24,3.22,61.7,58,None,GIA,MED to STK,100%,Not brown,,Not milky,Super Solitaire Hk Ltd,3ccba1c2-3018-4066-8aaa-e73401d0c3d4,-39.50%,1206,2233.56,,,,https://nivoda-images.s3.eu-west-2.amazonaws.com/pdf/2354095348.pdf,,,,HK,N
,RLD18110709,5313305792,ROUND,0.46,D,VS1,VG,VG,VG,MED,Blue,4.81,4.84,3.08,63.8,57,None,GIA,THN to THK,100%,Not brown,Not green,Not milky,Laxmi,523f5320-903b-4939-8f99-c88e0d49c77b,-44.47%,771,1675.67,https://nivoda-images.s3.amazonaws.com/aHR0cHM6Ly93d3cuY2VydGlmaWVkc3RvbmUuaW5mby92aWV3ZXIvVmlzaW9uMzYwLmh0bWw/ZD1MRDE4MTEwNzA5,128,https://nivoda-images.s3.eu-west-2.amazonaws.com/1f0c0c5f-ef1d-4df2-95a1-26f23f31b07f.jpg,https://nivoda-images.s3.eu-west-2.amazonaws.com/pdf/5313305792.pdf,,,,HK,N
,G431-135708,1343955067,ROUND,0.5,H,SI1,VG,EX,VG,NON,,4.96,5.01,3.17,63.6,58,None,GIA,THN to THK,95%,,,,Shivam Jewels,30e7f681-ab85-4b0e-b046-c4b9abd2ef1e,-42.66%,861,1722.86,,,https://nivoda-images.s3.eu-west-2.amazonaws.com/a3d8b48b-140e-411e-8a5d-71da7c12f2b8.jpg,https://nivoda-images.s3.eu-west-2.amazonaws.com/pdf/1343955067.pdf,,,,HK,N
,LD20026463,5353081145,ROUND,0.9,H,SI2,VG,EX,VG,FNT,,6.07,6.04,3.9,64.4,58,NON,GIA,STK to THK,100%,Not brown,Not green,Not milky,Laxmi,523f5320-903b-4939-8f99-c88e0d49c77b,-44.81%,2087,2319.32,,,https://nivoda-images.s3.eu-west-2.amazonaws.com/873f4c8b-65d7-45db-8410-05b625fbbbb6.jpg,,,,,IN,N
,LD20024515,1359022482,ROUND,0.9,H,SI2,EX,EX,EX,FNT,,6.17,6.12,3.84,62.5,57,NON,GIA,STK,100%,Not brown,Not green,Not milky,Laxmi,523f5320-903b-4939-8f99-c88e0d49c77b,-31.31%,2598,2886.74,,,https://nivoda-images.s3.eu-west-2.amazonaws.com/ac8b2710-f17d-4b56-ad73-ab9a9e5b7649.jpg,,,,,IN,N
,B7-299,6351095528,ROUND,0.9,I,IF,EX,EX,EX,NON,,6.33,6.35,3.72,58.6,61,None,GIA,THN to MED,100%,Not brown,,Not milky,Super Solitaire Hk Ltd,3ccba1c2-3018-4066-8aaa-e73401d0c3d4,-26.10%,4159,4620.6,,,,https://nivoda-images.s3.eu-west-2.amazonaws.com/pdf/6351095528.pdf,,,,HK,N
,LD19121101,2346284285,ROUND,0.32,D,VVS1,EX,EX,EX,NON,,4.4,4.38,2.73,62.1,58,NON,GIA,MED to STK,100%,Not brown,Not green,Not milky,Laxmi,523f5320-903b-4939-8f99-c88e0d49c77b,-33.50%,626,1955.75,,,https://nivoda-images.s3.eu-west-2.amazonaws.com/16045512-5264-4d52-9fdd-15025547cfdf.jpg,https://www.laxmidiamond.com/certifiedstone/certificate/LD19121101.pdf,,,,IN,N
,LD19121443,1347283969,ROUND,0.27,F,VVS2,EX,EX,EX,NON,,4.17,4.16,2.5,60.1,61,NON,GIA,MED to STK,100%,Light Brown,Not green,Not milky,Laxmi,523f5320-903b-4939-8f99-c88e0d49c77b,-6.00%,423,1568.04,,,https://nivoda-images.s3.eu-west-2.amazonaws.com/717b9941-dca5-4696-a84e-809c2b8b011e.jpg,https://www.laxmidiamond.com/certifiedstone/certificate/LD19121443.pdf,,,,IN,N
,LD20020137,2346851596,ROUND,0.91,H,VS2,VG,EX,EX,NON,,6.11,6.08,3.86,63.4,61,NON,GIA,STK to THK,100%,Not brown,Not green,Not milky,Laxmi,523f5320-903b-4939-8f99-c88e0d49c77b,-42.68%,2887,3172.44,,,https://nivoda-images.s3.eu-west-2.amazonaws.com/4454530f-0e17-4388-bf75-5dd71c526e47.jpg,,,,,IN,N
,LD20024541,5353015874,ROUND,1.01,I,VVS2,EX,EX,EX,NON,,6.38,6.35,3.99,62.6,59,NON,GIA,MED to STK,100%,Not brown,Not green,Not milky,Laxmi,523f5320-903b-4939-8f99-c88e0d49c77b,-33.67%,4464,4419.4,,,https://nivoda-images.s3.eu-west-2.amazonaws.com/875907f7-cacf-49c1-9910-0b6b8967e898.jpg,,,,,IN,N
,LD19121446,2348283877,ROUND,0.21,F,VS2,EX,EX,EX,NON,,3.87,3.85,2.32,60.2,61,NON,GIA,MED to STK,100%,Not brown,Not green,Not milky,Laxmi,523f5320-903b-4939-8f99-c88e0d49c77b,4.00%,281,1338.9,,,,https://www.laxmidiamond.com/certifiedstone/certificate/LD19121446.pdf,,,,IN,N
,B7-19,6355095414,ROUND,0.66,D,VVS1,EX,EX,EX,STG,Blue,5.58,5.61,3.47,62,57,None,GIA,MED to STK,100%,Not brown,,Not milky,Super Solitaire Hk Ltd,3ccba1c2-3018-4066-8aaa-e73401d0c3d4,-30.10%,2459,3725.67,,,,https://nivoda-images.s3.eu-west-2.amazonaws.com/pdf/6355095414.pdf,,,,HK,N
,LD20027984,2357087191,ROUND,0.6,D,SI1,VG,EX,EX,NON,,5.29,5.32,3.39,63.9,59,None,GIA,STK,90%,Not brown,Not green,Not milky,Laxmi,523f5320-903b-4939-8f99-c88e0d49c77b,-38.00%,1296,2160.7,,,https://nivoda-images.s3.eu-west-2.amazonaws.com/ec6e4607-8fac-471b-9b1d-c36ac4636a11.jpg,https://nivoda-images.s3.eu-west-2.amazonaws.com/pdf/2357087191.pdf,,,,IN,N
,LD20027949,7356087247,ROUND,0.27,F,VS1,EX,EX,EX,NON,,4.15,4.12,2.58,62.4,58,NON,GIA,MED to STK,100%,Not brown,Not green,Not milky,Laxmi,523f5320-903b-4939-8f99-c88e0d49c77b,2.00%,413,1528.96,,,,,,,,IN,N
,LD19046036,5326653147,ROUND,0.7,E,SI1,EX,EX,EX,FNT,,5.68,5.7,3.5,61.5,61,None,GIA,STK,100%,Not brown,Not green,Not milky,Laxmi,523f5320-903b-4939-8f99-c88e0d49c77b,-44.00%,1688,2410.8,https://nivoda-images.s3.amazonaws.com/aHR0cHM6Ly93d3cuY2VydGlmaWVkc3RvbmUuaW5mby92aWV3ZXIvVmlzaW9uMzYwLmh0bWw/ZD1MRDE5MDQ2MDM2,64,https://nivoda-images.s3.eu-west-2.amazonaws.com/1132995a-b739-446a-9732-9266c1366e29.jpg,https://nivoda-images.s3.eu-west-2.amazonaws.com/pdf/5326653147.pdf,,,,IN,N
,126B-33-A,6342575988,ROUND,0.7,H,SI2,EX,EX,EX,NON,,5.65,5.69,3.56,62.8,55,None,GIA,MED to STK,,,,,Paladiya Brothers & co,e6c24977-7efd-4b1c-95c4-1aca4bed604a,-37.29%,1305,1864.06,,,,https://nivoda-images.s3.eu-west-2.amazonaws.com/pdf/6342575988.pdf,,,,HK,N
,LD20022698,7342952920,ROUND,0.83,J,VS1,EX,EX,EX,NON,,6.11,6.09,3.64,59.7,60,NON,GIA,MED to STK,100%,,,Not milky,Laxmi,523f5320-903b-4939-8f99-c88e0d49c77b,-16.00%,2144,2583,,,https://nivoda-images.s3.eu-west-2.amazonaws.com/485e5428-dac5-4aea-b342-d1befe2ea2b7.jpg,,,,,IN,N
,126B-8-C,6341759894,ROUND,0.34,D,VVS2,EX,EX,EX,NON,,4.43,4.46,2.81,63.1,56,None,GIA,STK,100%,,,,Paladiya Brothers & co,e6c24977-7efd-4b1c-95c4-1aca4bed604a,-26.62%,679,1996.12,,,,https://nivoda-images.s3.eu-west-2.amazonaws.com/pdf/6341759894.pdf,,,,IN,N
,126B-8-A,7346760994,ROUND,0.91,E,VS2,EX,EX,EX,NON,,6.22,6.26,3.85,61.7,59,None,GIA,MED to STK,,,,,Paladiya Brothers & co,e6c24977-7efd-4b1c-95c4-1aca4bed604a,-32.61%,4149,4558.93,,,,https://nivoda-images.s3.eu-west-2.amazonaws.com/pdf/7346760994.pdf,,,,IN,N
,117-2-A,5356009193,ROUND,1,K,SI1,EX,EX,EX,FNT,,6.35,6.39,3.96,62.1,59,None,GIA,STK,,,,,Paladiya Brothers & co,e6c24977-7efd-4b1c-95c4-1aca4bed604a,-33.78%,2715,2715.02,,,,https://nivoda-images.s3.eu-west-2.amazonaws.com/pdf/5356009193.pdf,,,,HK,N
,131A-10-A,6342211102,CUSHION MODIFIED,2.01,F,SI1,-,EX,VG,FNT,,6.95,6.74,4.91,72.9,57,None,GIA,THK to ETK,,,,,Paladiya Brothers & co,e6c24977-7efd-4b1c-95c4-1aca4bed604a,-49.43%,10823,5384.48,,,,https://nivoda-images.s3.eu-west-2.amazonaws.com/pdf/6342211102.pdf,,,,HK,N
,G453-140982,6352340091,ROUND,0.47,K,VVS1,VG,VG,EX,NON,,4.9,4.93,3.1,63,57,None,GIA,MED to STK,100%,Not brown,,,Shivam Jewels,30e7f681-ab85-4b0e-b046-c4b9abd2ef1e,-36.00%,571,1215.83,,,,https://nivoda-images.s3.eu-west-2.amazonaws.com/pdf/6352340091.pdf,,,,IN,N
,G453-141089,6352339796,ROUND,0.4,J,VVS2,EX,EX,EX,NON,,4.79,4.81,2.85,59.4,60,None,GIA,MED to STK,100%,Not brown,,,Shivam Jewels,30e7f681-ab85-4b0e-b046-c4b9abd2ef1e,-36.32%,514,1284.93,,,,https://nivoda-images.s3.eu-west-2.amazonaws.com/pdf/6352339796.pdf,,,,IN,N
,LD20022661,1348947078,ROUND,0.31,E,IF,EX,EX,EX,FNT,,4.34,4.32,2.72,62.7,57,NON,GIA,MED to STK,100%,Not brown,Not green,Not milky,Laxmi,523f5320-903b-4939-8f99-c88e0d49c77b,-43.00%,525,1692.77,,,https://nivoda-images.s3.eu-west-2.amazonaws.com/0f0ef02d-d7aa-48ae-a308-74ce4f969182.jpg,,,,,IN,N
,LD20022744,7343945770,ROUND,0.45,H,VVS1,EX,EX,EX,NON,,4.96,4.93,3.01,60.9,60,NON,GIA,MED to STK,100%,Not brown,Not green,Not milky,Laxmi,523f5320-903b-4939-8f99-c88e0d49c77b,-23.05%,861,1913.47,,,https://nivoda-images.s3.eu-west-2.amazonaws.com/d8cc3c91-944d-47e2-b49c-4e41ba2dbee9.jpg,,,,,IN,N
,261-46,1358262647,PRINCESS,1.51,J,SI1,-,EX,EX,NON,,6.5,6.25,4.46,71.3,72,None,GIA,MED to THK,100%,Not brown,Not green,Not milky,Narola Gems,e9f9f355-789c-4cb2-869a-4a02587576a7,-44.23%,3885,2572.52,,,https://nivoda-images.s3.eu-west-2.amazonaws.com/f0e18b73-c962-456b-bdba-d84e9f608fee.jpg,https://nivoda-images.s3.eu-west-2.amazonaws.com/pdf/1358262647.pdf,,,,IN,N
,SJ-52334,1343275432,ROUND,1.03,J,SI1,EX,EX,EX,NON,,6.56,6.57,3.92,59.7,60,None,GIA,MED,80%,Not brown,,,Shivam Jewels,30e7f681-ab85-4b0e-b046-c4b9abd2ef1e,-34.29%,3399,3300.28,,,https://nivoda-images.s3.eu-west-2.amazonaws.com/ce3fbc41-5320-479c-a7fb-b1e83c06aeab.jpg,https://nivoda-images.s3.eu-west-2.amazonaws.com/pdf/1343275432.pdf,,,,HK,N
,G453-141141,6352339830,ROUND,0.4,J,VVS1,EX,EX,EX,NON,,4.82,4.84,2.85,59,60,None,GIA,THN to MED,100%,Not brown,,,Shivam Jewels,30e7f681-ab85-4b0e-b046-c4b9abd2ef1e,-37.55%,530,1324,,,,https://nivoda-images.s3.eu-west-2.amazonaws.com/pdf/6352339830.pdf,,,,IN,N
,SJ-52352,2346967154,ROUND,1.01,F,SI1,VG,EX,VG,NON,,6.25,6.33,4.01,63.8,57,None,GIA,MED to THK,90%,Not brown,,,Shivam Jewels,30e7f681-ab85-4b0e-b046-c4b9abd2ef1e,-51.56%,3661,3624.52,,,https://nivoda-images.s3.eu-west-2.amazonaws.com/0e658a74-504b-4174-9adb-9073c9d81b70.jpg,https://nivoda-images.s3.eu-west-2.amazonaws.com/pdf/2346967154.pdf,,,,HK,N
,41508,1348643770,ROUND,0.27,D,SI2,EX,VG,EX,MED,Blue,4.16,4.12,2.59,62.5,55,NON,GIA,THN to STK,,,,,Honey Exports,72049570-7cc1-4b52-afd0-a0251e6485b0,0.00%,262,971.11,,,https://nivoda-images.s3.eu-west-2.amazonaws.com/83295b8f-99b3-4df2-afb4-7ec1e6ffcfe6.jpg,https://1210295089.rsc.cdn77.org/Certificates/1348643770.pdf,,,,IN,N
,LD20022104,1348914961,ROUND,0.31,E,VVS2,EX,EX,EX,NON,,4.31,4.33,2.7,62.6,56,None,GIA,MED to STK,100%,Not brown,Not green,Not milky,Laxmi,523f5320-903b-4939-8f99-c88e0d49c77b,-32.00%,536,1728.77,,,https://nivoda-images.s3.eu-west-2.amazonaws.com/9fd6ef2b-ab94-45cc-a7c0-6093e555ed25.jpg,https://nivoda-images.s3.eu-west-2.amazonaws.com/pdf/1348914961.pdf,,,,IN,N
,34911,6332558303,ROUND,0.41,H,VS2,EX,EX,EX,STG,Blue,4.73,4.71,2.96,62.6,56,NON,GIA,MED to STK,,,,,Honey Exports,72049570-7cc1-4b52-afd0-a0251e6485b0,-44.00%,512,1249.17,,,,https://1210295089.rsc.cdn77.org/Certificates/6332558303.pdf,,,,IN,N
,LD20034019,5356266889,ROUND,0.3,F,VVS1,EX,EX,EX,FNT,,4.29,4.31,2.67,62,57,None,GIA,MED to STK,100%,Not brown,Not green,Not milky,Laxmi,523f5320-903b-4939-8f99-c88e0d49c77b,-43.00%,458,1525,,,https://nivoda-images.s3.eu-west-2.amazonaws.com/92fd732a-64e9-4c7a-b6cd-98e4685fb193.jpg,https://nivoda-images.s3.eu-west-2.amazonaws.com/pdf/5356266889.pdf,,,,IN,N
,LD20034166,6355267081,ROUND,0.3,D,VVS1,VG,EX,EX,NON,,4.2,4.22,2.68,63.8,58,None,GIA,STK to THK,100%,Not brown,Not green,Not milky,Laxmi,523f5320-903b-4939-8f99-c88e0d49c77b,-44.00%,500,1668,,,https://nivoda-images.s3.eu-west-2.amazonaws.com/e03c09f9-2f93-44cb-9a2f-590e23d93faf.jpg,https://nivoda-images.s3.eu-west-2.amazonaws.com/pdf/6355267081.pdf,,,,IN,N
,EH3-23,7356388947,OVAL,1.03,F,SI1,-,EX,VG,NON,,8.34,5.77,3.31,57.4,59,Very Small,GIA,MED to THK,100%,Not brown,Not green,,African star (hk) ltd,f6e0efcb-9b29-42a6-9721-b7322986b542,-36.00%,3716,3608,,,,https://nivoda-images.s3.eu-west-2.amazonaws.com/pdf/7356388947.pdf,,,,HK,N
,148-33-A,6332925368,ROUND,0.66,D,IF,EX,EX,EX,NON,,5.52,5.56,3.48,62.9,56,None,GIA,MED to STK,100%,,,,Paladiya Brothers & co,e6c24977-7efd-4b1c-95c4-1aca4bed604a,-28.17%,3110,4711.88,,,,https://nivoda-images.s3.eu-west-2.amazonaws.com/pdf/6332925368.pdf,,,,IN,N
,144-8-A,6342912071,ROUND,1.08,I,SI1,EX,EX,EX,NON,,6.51,6.56,4.1,62.7,56,None,GIA,MED to STK,,,,,Paladiya Brothers & co,e6c24977-7efd-4b1c-95c4-1aca4bed604a,-35.76%,4125,3819.06,,,,https://nivoda-images.s3.eu-west-2.amazonaws.com/pdf/6342912071.pdf,,,,HK,N
,LD20020625,6341868913,ROUND,1,I,SI2,G,EX,EX,NON,,6.06,6.1,4,65.8,57,None,GIA,STK to VTK,90%,Not brown,Not green,Not milky,Laxmi,523f5320-903b-4939-8f99-c88e0d49c77b,-49.24%,2550,2549.51,,,https://nivoda-images.s3.eu-west-2.amazonaws.com/ea675a36-ed16-4bbf-9b16-f174ed410a58.jpg,https://nivoda-images.s3.eu-west-2.amazonaws.com/pdf/6341868913.pdf,,,,IN,N
,LD20034061,7353266856,ROUND,0.3,E,VVS2,VG,EX,VG,NON,,4.18,4.23,2.68,63.8,58,None,GIA,STK to THK,100%,Not brown,Not green,Not milky,Laxmi,523f5320-903b-4939-8f99-c88e0d49c77b,-42.00%,448,1492,,,https://nivoda-images.s3.eu-west-2.amazonaws.com/e4e573f7-e1e1-48cc-85b1-190d853b4984.jpg,https://nivoda-images.s3.eu-west-2.amazonaws.com/pdf/7353266856.pdf,,,,IN,N
,591J-353,1338114665,ROUND,0.5,J,SI2,G,VG,VG,MED,Blue,4.86,4.91,3.18,65,60,None,GIA,STK to VTK,,Brown,,Not milky,HVK,f95fe61a-0dd0-4cdc-ab3c-5e8c5869a2df,-53.00%,500,1000,,,,https://nivoda-images.s3.eu-west-2.amazonaws.com/pdf/1338114665.pdf,,,,IN,N
,136F-23-A,5336540668,ROUND,0.7,E,VVS1,EX,EX,VG,NON,,5.61,5.68,3.54,62.8,54,None,GIA,MED to STK,100%,,,,Paladiya Brothers & co,e6c24977-7efd-4b1c-95c4-1aca4bed604a,-40.75%,2551,3643.87,,,,https://nivoda-images.s3.eu-west-2.amazonaws.com/pdf/5336540668.pdf,,,,HK,N
,131A-7-A,1345291623,ROUND,1.5,F,SI1,EX,EX,EX,STG,Blue,7.23,7.28,4.6,63.4,58,None,GIA,MED to STK,,,,,Paladiya Brothers & co,e6c24977-7efd-4b1c-95c4-1aca4bed604a,-47.70%,7446,4963.9,,,,https://nivoda-images.s3.eu-west-2.amazonaws.com/pdf/1345291623.pdf,,,,HK,N
,148-3-A,7331976533,ROUND,0.6,K,VS1,EX,VG,EX,MED,Blue,5.33,5.38,3.39,63.2,57,None,GIA,MED to STK,100%,,,,Paladiya Brothers & co,e6c24977-7efd-4b1c-95c4-1aca4bed604a,-36.38%,793,1322.4,,,,https://nivoda-images.s3.eu-west-2.amazonaws.com/pdf/7331976533.pdf,,,,IN,N
,COM55-14,2337141639,ROUND,0.23,D,VVS1,EX,EX,EX,NON,,3.95,3.94,2.43,61.6,57,NON,GIA,THN to STK,100%,Not brown,Not green,Not milky,HVK,f95fe61a-0dd0-4cdc-ab3c-5e8c5869a2df,2.00%,394,1711.43,,,,TRUE,,,,IN,N
,136F-47-A,1333554151,ROUND,0.72,H,VS2,G,EX,VG,NON,,5.41,5.48,3.63,66.6,55,None,GIA,VTK,,,,,Paladiya Brothers & co,e6c24977-7efd-4b1c-95c4-1aca4bed604a,-51.35%,1400,1944.78,,,,https://nivoda-images.s3.eu-west-2.amazonaws.com/pdf/1333554151.pdf,,,,HK,N
